⚠ [8028/8325] Replayed PaperIV.ChordalStructure
warning: PaperIV/ChordalStructure.lean:127:8: automatically included section variable(s) unused in theorem `_private.PaperIV.ChordalStructure.0.SimpleGraph.isSimplicial_of_rsimplicial`:
  [Fintype V]
  [DecidableEq V]
consider restructuring your `variable` declarations so that the variables are not in scope or explicitly omit them:
  omit [Fintype V] [DecidableEq V] in theorem ...

Note: This linter can be disabled with `set_option linter.unusedSectionVars false`
warning: PaperIV/ChordalStructure.lean:133:8: automatically included section variable(s) unused in theorem `_private.PaperIV.ChordalStructure.0.SimpleGraph.rstep_symm`:
  [Fintype V]
  [DecidableEq V]
consider restructuring your `variable` declarations so that the variables are not in scope or explicitly omit them:
  omit [Fintype V] [DecidableEq V] in theorem ...

Note: This linter can be disabled with `set_option linter.unusedSectionVars false`
warning: PaperIV/ChordalStructure.lean:149:8: automatically included section variable(s) unused in theorem `_private.PaperIV.ChordalStructure.0.SimpleGraph.rreach_erase`:
  [Fintype V]
consider restructuring your `variable` declarations so that the variables are not in scope or explicitly omit them:
  omit [Fintype V] in theorem ...

Note: This linter can be disabled with `set_option linter.unusedSectionVars false`
warning: PaperIV/ChordalStructure.lean:179:53: unused variable `huD`

Note: This linter can be disabled with `set_option linter.unusedVariables false`
warning: PaperIV/ChordalStructure.lean:191:8: automatically included section variable(s) unused in theorem `_private.PaperIV.ChordalStructure.0.SimpleGraph.component_sep`:
  [Fintype V]
  [DecidableEq V]
consider restructuring your `variable` declarations so that the variables are not in scope or explicitly omit them:
  omit [Fintype V] [DecidableEq V] in theorem ...

Note: This linter can be disabled with `set_option linter.unusedSectionVars false`
warning: PaperIV/ChordalStructure.lean:202:8: automatically included section variable(s) unused in theorem `_private.PaperIV.ChordalStructure.0.SimpleGraph.avoidReach_symm`:
  [Fintype V]
  [DecidableEq V]
consider restructuring your `variable` declarations so that the variables are not in scope or explicitly omit them:
  omit [Fintype V] [DecidableEq V] in theorem ...

Note: This linter can be disabled with `set_option linter.unusedSectionVars false`
warning: PaperIV/ChordalStructure.lean:219:8: automatically included section variable(s) unused in theorem `_private.PaperIV.ChordalStructure.0.SimpleGraph.avoidReach_notMem`:
  [Fintype V]
  [DecidableEq V]
consider restructuring your `variable` declarations so that the variables are not in scope or explicitly omit them:
  omit [Fintype V] [DecidableEq V] in theorem ...

Note: This linter can be disabled with `set_option linter.unusedSectionVars false`
warning: PaperIV/ChordalStructure.lean:227:8: automatically included section variable(s) unused in theorem `_private.PaperIV.ChordalStructure.0.SimpleGraph.avoidReach_walk`:
  [Fintype V]
  [DecidableEq V]
consider restructuring your `variable` declarations so that the variables are not in scope or explicitly omit them:
  omit [Fintype V] [DecidableEq V] in theorem ...

Note: This linter can be disabled with `set_option linter.unusedSectionVars false`
warning: PaperIV/ChordalStructure.lean:240:8: automatically included section variable(s) unused in theorem `_private.PaperIV.ChordalStructure.0.SimpleGraph.sep_exists_aside_nbr`:
  [Fintype V]
consider restructuring your `variable` declarations so that the variables are not in scope or explicitly omit them:
  omit [Fintype V] in theorem ...

Note: This linter can be disabled with `set_option linter.unusedSectionVars false`
warning: PaperIV/ChordalStructure.lean:258:8: automatically included section variable(s) unused in theorem `_private.PaperIV.ChordalStructure.0.SimpleGraph.reachable_induce_of_walk`:
  [Fintype V]
  [DecidableEq V]
consider restructuring your `variable` declarations so that the variables are not in scope or explicitly omit them:
  omit [Fintype V] [DecidableEq V] in theorem ...

Note: This linter can be disabled with `set_option linter.unusedSectionVars false`
warning: PaperIV/ChordalStructure.lean:325:8: automatically included section variable(s) unused in theorem `_private.PaperIV.ChordalStructure.0.SimpleGraph.two_induced_paths_not_chordal`:
  [Fintype V]
consider restructuring your `variable` declarations so that the variables are not in scope or explicitly omit them:
  omit [Fintype V] in theorem ...

Note: This linter can be disabled with `set_option linter.unusedSectionVars false`
warning: PaperIV/ChordalStructure.lean:381:0: automatically included section variable(s) unused in theorem `SimpleGraph.IsChordal.induce`:
  [Fintype V]
  [DecidableEq V]
consider restructuring your `variable` declarations so that the variables are not in scope or explicitly omit them:
  omit [Fintype V] [DecidableEq V] in theorem ...

Note: This linter can be disabled with `set_option linter.unusedSectionVars false`
warning: PaperIV/ChordalStructure.lean:392:8: automatically included section variable(s) unused in theorem `_private.PaperIV.ChordalStructure.0.SimpleGraph.rsimplicial_of_induce_simplicial`:
  [Fintype V]
  [DecidableEq V]
consider restructuring your `variable` declarations so that the variables are not in scope or explicitly omit them:
  omit [Fintype V] [DecidableEq V] in theorem ...

Note: This linter can be disabled with `set_option linter.unusedSectionVars false`
warning: PaperIV/ChordalStructure.lean:404:8: automatically included section variable(s) unused in theorem `_private.PaperIV.ChordalStructure.0.SimpleGraph.isSimplicial_of_induce`:
  [Fintype V]
  [DecidableEq V]
consider restructuring your `variable` declarations so that the variables are not in scope or explicitly omit them:
  omit [Fintype V] [DecidableEq V] in theorem ...

Note: This linter can be disabled with `set_option linter.unusedSectionVars false`
warning: PaperIV/ChordalStructure.lean:442:8: automatically included section variable(s) unused in theorem `_private.PaperIV.ChordalStructure.0.SimpleGraph.exists_minimal_separator`:
  [DecidableEq V]
consider restructuring your `variable` declarations so that the variables are not in scope or explicitly omit them:
  omit [DecidableEq V] in theorem ...

Note: This linter can be disabled with `set_option linter.unusedSectionVars false`
warning: PaperIV/ChordalStructure.lean:729:8: automatically included section variable(s) unused in theorem `_private.PaperIV.ChordalStructure.0.SimpleGraph.avoidReach_iff_set`:
  [Fintype V]
  [DecidableEq V]
consider restructuring your `variable` declarations so that the variables are not in scope or explicitly omit them:
  omit [Fintype V] [DecidableEq V] in theorem ...

Note: This linter can be disabled with `set_option linter.unusedSectionVars false`
⚠ [8029/8325] Replayed PaperIV.FarRounding
warning: PaperIV/FarRounding.lean:120:0: automatically included section variable(s) unused in theorem `PaperIV.FarRounding.gainOf_of_card_eq_three`:
  [DecidableEq V]
consider restructuring your `variable` declarations so that the variables are not in scope or explicitly omit them:
  omit [DecidableEq V] in theorem ...

Note: This linter can be disabled with `set_option linter.unusedSectionVars false`
warning: PaperIV/FarRounding.lean:123:0: automatically included section variable(s) unused in theorem `PaperIV.FarRounding.gainOf_of_card_eq_four`:
  [DecidableEq V]
consider restructuring your `variable` declarations so that the variables are not in scope or explicitly omit them:
  omit [DecidableEq V] in theorem ...

Note: This linter can be disabled with `set_option linter.unusedSectionVars false`
warning: PaperIV/FarRounding.lean:167:0: automatically included section variable(s) unused in theorem `PaperIV.FarRounding.one_le_choose_two_of_isItem`:
  [Fintype V]
  [DecidableEq V]
consider restructuring your `variable` declarations so that the variables are not in scope or explicitly omit them:
  omit [Fintype V] [DecidableEq V] in theorem ...

Note: This linter can be disabled with `set_option linter.unusedSectionVars false`
warning: PaperIV/FarRounding.lean:282:0: automatically included section variable(s) unused in theorem `PaperIV.FarRounding.Packing.pairwiseDisjoint`:
  [Fintype V]
  [DecidableRel G.Adj]
consider restructuring your `variable` declarations so that the variables are not in scope or explicitly omit them:
  omit [Fintype V] [DecidableRel G.Adj] in theorem ...

Note: This linter can be disabled with `set_option linter.unusedSectionVars false`
warning: PaperIV/FarRounding.lean:509:0: automatically included section variable(s) unused in theorem `PaperIV.FarRounding.gainF_eq_gainOf`:
  [DecidableRel G.Adj]
consider restructuring your `variable` declarations so that the variables are not in scope or explicitly omit them:
  omit [DecidableRel G.Adj] in theorem ...

Note: This linter can be disabled with `set_option linter.unusedSectionVars false`
⚠ [8030/8325] Replayed PaperIV.FarRoundingBatchBridge
warning: PaperIV/FarRoundingBatchBridge.lean:90:0: automatically included section variable(s) unused in theorem `PaperIV.FarRoundingBatchBridge.two_mul_card_le_card_edgeFinset`:
  [DecidableEq V]
  [DecidableEq ι]
consider restructuring your `variable` declarations so that the variables are not in scope or explicitly omit them:
  omit [DecidableEq V] [DecidableEq ι] in theorem ...

Note: This linter can be disabled with `set_option linter.unusedSectionVars false`
warning: PaperIV/FarRoundingBatchBridge.lean:127:0: automatically included section variable(s) unused in theorem `PaperIV.FarRoundingBatchBridge.exists_packing_of_batches`:
  [DecidableRel G.Adj]
consider restructuring your `variable` declarations so that the variables are not in scope or explicitly omit them:
  omit [DecidableRel G.Adj] in theorem ...

Note: This linter can be disabled with `set_option linter.unusedSectionVars false`
⚠ [8032/8325] Replayed PaperIV.AssignmentLemma
warning: PaperIV/AssignmentLemma.lean:68:0: automatically included section variable(s) unused in theorem `PaperIV.AssignmentLemma.ownParts_disjoint`:
  [DecidableEq V]
consider restructuring your `variable` declarations so that the variables are not in scope or explicitly omit them:
  omit [DecidableEq V] in theorem ...

Note: This linter can be disabled with `set_option linter.unusedSectionVars false`
warning: PaperIV/AssignmentLemma.lean:96:0: automatically included section variable(s) unused in theorem `PaperIV.AssignmentLemma.loss_decomposition`:
  [Fintype V]
  [DecidableRel G.Adj]
  [DecidableEq β]
consider restructuring your `variable` declarations so that the variables are not in scope or explicitly omit them:
  omit [Fintype V] [DecidableRel G.Adj] [DecidableEq β] in theorem ...

Note: This linter can be disabled with `set_option linter.unusedSectionVars false`
⚠ [8033/8325] Replayed PaperIV.CliqueBagNibble
warning: PaperIV/CliqueBagNibble.lean:121:0: automatically included section variable(s) unused in theorem `PaperIV.CliqueBagNibble.exists_packing_of_k4Family`:
  [Fintype V]
  [DecidableRel G.Adj]
consider restructuring your `variable` declarations so that the variables are not in scope or explicitly omit them:
  omit [Fintype V] [DecidableRel G.Adj] in theorem ...

Note: This linter can be disabled with `set_option linter.unusedSectionVars false`
⚠ [8035/8325] Replayed PaperIV.ChordalBridge
warning: PaperIV/ChordalBridge.lean:57:0: automatically included section variable(s) unused in theorem `PaperIV.ChordalBridge.isChordal_iff`:
  [Fintype V]
  [DecidableEq V]
consider restructuring your `variable` declarations so that the variables are not in scope or explicitly omit them:
  omit [Fintype V] [DecidableEq V] in theorem ...

Note: This linter can be disabled with `set_option linter.unusedSectionVars false`
warning: PaperIV/ChordalBridge.lean:62:0: automatically included section variable(s) unused in theorem `PaperIV.ChordalBridge.exists_isSimplicial`:
  [DecidableRel G.Adj]
consider restructuring your `variable` declarations so that the variables are not in scope or explicitly omit them:
  omit [DecidableRel G.Adj] in theorem ...

Note: This linter can be disabled with `set_option linter.unusedSectionVars false`
warning: PaperIV/ChordalBridge.lean:68:0: automatically included section variable(s) unused in theorem `PaperIV.ChordalBridge.minimalSeparator_isClique`:
  [DecidableRel G.Adj]
consider restructuring your `variable` declarations so that the variables are not in scope or explicitly omit them:
  omit [DecidableRel G.Adj] in theorem ...

Note: This linter can be disabled with `set_option linter.unusedSectionVars false`
warning: PaperIV/ChordalBridge.lean:82:0: automatically included section variable(s) unused in theorem `PaperIV.ChordalBridge.ownerOf_eq`:
  [Fintype V]
  [DecidableRel G.Adj]
consider restructuring your `variable` declarations so that the variables are not in scope or explicitly omit them:
  omit [Fintype V] [DecidableRel G.Adj] in theorem ...

Note: This linter can be disabled with `set_option linter.unusedSectionVars false`
⚠ [8036/8325] Replayed PaperIV.DenseBagClosure
warning: PaperIV/DenseBagClosure.lean:101:0: automatically included section variable(s) unused in theorem `PaperIV.DenseBagClosure.loss_le_of_local_fraction`:
  [DecidableEq ι]
consider restructuring your `variable` declarations so that the variables are not in scope or explicitly omit them:
  omit [DecidableEq ι] in theorem ...

Note: This linter can be disabled with `set_option linter.unusedSectionVars false`
warning: PaperIV/DenseBagClosure.lean:101:43: unused variable `hβ`

Note: This linter can be disabled with `set_option linter.unusedVariables false`
⚠ [8039/8325] Replayed PaperIV.RootedCounting
warning: PaperIV/RootedCounting.lean:85:0: automatically included section variable(s) unused in theorem `PaperIV.RootedCounting.second_moment_eq`:
  [DecidableEq ρ]
consider restructuring your `variable` declarations so that the variables are not in scope or explicitly omit them:
  omit [DecidableEq ρ] in theorem ...

Note: This linter can be disabled with `set_option linter.unusedSectionVars false`
warning: PaperIV/RootedCounting.lean:127:0: automatically included section variable(s) unused in theorem `PaperIV.RootedCounting.card_bad_roots_le`:
  [DecidableEq ρ]
consider restructuring your `variable` declarations so that the variables are not in scope or explicitly omit them:
  omit [DecidableEq ρ] in theorem ...

Note: This linter can be disabled with `set_option linter.unusedSectionVars false`
⚠ [8040/8325] Replayed PaperIV.RootedCountingBridge
warning: PaperIV/RootedCountingBridge.lean:62:0: automatically included section variable(s) unused in theorem `PaperIV.RootedCountingBridge.sum_fiber_card`:
  [DecidableEq κ]
consider restructuring your `variable` declarations so that the variables are not in scope or explicitly omit them:
  omit [DecidableEq κ] in theorem ...

Note: This linter can be disabled with `set_option linter.unusedSectionVars false`
warning: PaperIV/RootedCountingBridge.lean:68:0: automatically included section variable(s) unused in theorem `PaperIV.RootedCountingBridge.filter_product_eq`:
  [DecidableEq κ]
consider restructuring your `variable` declarations so that the variables are not in scope or explicitly omit them:
  omit [DecidableEq κ] in theorem ...

Note: This linter can be disabled with `set_option linter.unusedSectionVars false`
⚠ [8041/8325] Replayed PaperIV.CountingTelescope
warning: PaperIV/CountingTelescope.lean:55:47: unused variable `hε`

Note: This linter can be disabled with `set_option linter.unusedVariables false`
warning: PaperIV/CountingTelescope.lean:79:18: unused variable `hd`

Note: This linter can be disabled with `set_option linter.unusedVariables false`
⚠ [8042/8325] Replayed PaperIV.OneStepEstimate
warning: PaperIV/OneStepEstimate.lean:65:0: automatically included section variable(s) unused in theorem `PaperIV.OneStepEstimate.card_interedges_eq`:
  [DecidableEq α]
consider restructuring your `variable` declarations so that the variables are not in scope or explicitly omit them:
  omit [DecidableEq α] in theorem ...

Note: This linter can be disabled with `set_option linter.unusedSectionVars false`
warning: PaperIV/OneStepEstimate.lean:160:0: automatically included section variable(s) unused in theorem `PaperIV.OneStepEstimate.DiscrepAt.mono`:
  [DecidableEq α]
consider restructuring your `variable` declarations so that the variables are not in scope or explicitly omit them:
  omit [DecidableEq α] in theorem ...

Note: This linter can be disabled with `set_option linter.unusedSectionVars false`
warning: PaperIV/OneStepEstimate.lean:188:0: automatically included section variable(s) unused in theorem `PaperIV.OneStepEstimate.DiscrepAt.restrict`:
  [DecidableEq α]
consider restructuring your `variable` declarations so that the variables are not in scope or explicitly omit them:
  omit [DecidableEq α] in theorem ...

Note: This linter can be disabled with `set_option linter.unusedSectionVars false`
⚠ [8043/8325] Replayed PaperIV.TelescopeK3
warning: PaperIV/TelescopeK3.lean:61:0: automatically included section variable(s) unused in theorem `PaperIV.TelescopeK3.mem_nbrs`:
  [DecidableEq α]
consider restructuring your `variable` declarations so that the variables are not in scope or explicitly omit them:
  omit [DecidableEq α] in theorem ...

Note: This linter can be disabled with `set_option linter.unusedSectionVars false`
⚠ [8045/8325] Replayed PaperIV.TelescopeK4
warning: PaperIV/TelescopeK4.lean:58:0: automatically included section variable(s) unused in theorem `PaperIV.TelescopeK4.mem_nbrs2`:
  [DecidableEq α]
consider restructuring your `variable` declarations so that the variables are not in scope or explicitly omit them:
  omit [DecidableEq α] in theorem ...

Note: This linter can be disabled with `set_option linter.unusedSectionVars false`
warning: PaperIV/TelescopeK4.lean:75:0: automatically included section variable(s) unused in theorem `PaperIV.TelescopeK4.mem_k4s`:
  [DecidableEq α]
consider restructuring your `variable` declarations so that the variables are not in scope or explicitly omit them:
  omit [DecidableEq α] in theorem ...

Note: This linter can be disabled with `set_option linter.unusedSectionVars false`
⚠ [8046/8325] Replayed PaperIV.TelescopeK4Step2
warning: PaperIV/TelescopeK4Step2.lean:78:0: automatically included section variable(s) unused in theorem `PaperIV.TelescopeK4Step2.mem_books`:
  [DecidableEq α]
consider restructuring your `variable` declarations so that the variables are not in scope or explicitly omit them:
  omit [DecidableEq α] in theorem ...

Note: This linter can be disabled with `set_option linter.unusedSectionVars false`
⚠ [8047/8325] Replayed PaperIV.TelescopeK4Full
warning: PaperIV/TelescopeK4Full.lean:65:0: automatically included section variable(s) unused in theorem `PaperIV.TelescopeK4Full.mem_fans`:
  [DecidableEq α]
consider restructuring your `variable` declarations so that the variables are not in scope or explicitly omit them:
  omit [DecidableEq α] in theorem ...

Note: This linter can be disabled with `set_option linter.unusedSectionVars false`
⚠ [8049/8325] Replayed PaperIV.ChordalBasics
warning: PaperIV/ChordalBasics.lean:15:0: automatically included section variable(s) unused in theorem `PaperIV.ChordalBasics.neighborFinset_isClique_of_simplicial`:
  [DecidableEq V]
consider restructuring your `variable` declarations so that the variables are not in scope or explicitly omit them:
  omit [DecidableEq V] in theorem ...

Note: This linter can be disabled with `set_option linter.unusedSectionVars false`
⚠ [8050/8325] Replayed PaperIV.ChordalCopy
warning: PaperIV/ChordalCopy.lean:55:0: automatically included section variable(s) unused in theorem `PaperIV.classCopy_neighbor_mem`:
  [DecidableEq V]
consider restructuring your `variable` declarations so that the variables are not in scope or explicitly omit them:
  omit [DecidableEq V] in theorem ...

Note: This linter can be disabled with `set_option linter.unusedSectionVars false`
warning: PaperIV/ChordalCopy.lean:64:0: automatically included section variable(s) unused in theorem `PaperIV.classCopy_adj_of_neighborFinset_ne`:
  [DecidableEq V]
consider restructuring your `variable` declarations so that the variables are not in scope or explicitly omit them:
  omit [DecidableEq V] in theorem ...

Note: This linter can be disabled with `set_option linter.unusedSectionVars false`
warning: PaperIV/ChordalCopy.lean:75:0: automatically included section variable(s) unused in theorem `PaperIV.path_edge_start_eq_getVert_one`:
  [Fintype V]
  [DecidableEq V]
consider restructuring your `variable` declarations so that the variables are not in scope or explicitly omit them:
  omit [Fintype V] [DecidableEq V] in theorem ...

Note: This linter can be disabled with `set_option linter.unusedSectionVars false`
⚠ [8062/8325] Replayed PaperIV.DiracEngine
warning: PaperIV/DiracEngine.lean:71:0: automatically included section variable(s) unused in theorem `PaperIV.isSimplicial_of_rsimplicial`:
  [Fintype V]
  [DecidableEq V]
consider restructuring your `variable` declarations so that the variables are not in scope or explicitly omit them:
  omit [Fintype V] [DecidableEq V] in theorem ...

Note: This linter can be disabled with `set_option linter.unusedSectionVars false`
warning: PaperIV/DiracEngine.lean:89:0: automatically included section variable(s) unused in theorem `PaperIV.rstep_symm`:
  [Fintype V]
  [DecidableEq V]
consider restructuring your `variable` declarations so that the variables are not in scope or explicitly omit them:
  omit [Fintype V] [DecidableEq V] in theorem ...

Note: This linter can be disabled with `set_option linter.unusedSectionVars false`
warning: PaperIV/DiracEngine.lean:104:0: automatically included section variable(s) unused in theorem `PaperIV.rreach_mono`:
  [Fintype V]
  [DecidableEq V]
consider restructuring your `variable` declarations so that the variables are not in scope or explicitly omit them:
  omit [Fintype V] [DecidableEq V] in theorem ...

Note: This linter can be disabled with `set_option linter.unusedSectionVars false`
warning: PaperIV/DiracEngine.lean:112:0: automatically included section variable(s) unused in theorem `PaperIV.exists_radj_of_rreach_ne`:
  [Fintype V]
consider restructuring your `variable` declarations so that the variables are not in scope or explicitly omit them:
  omit [Fintype V] in theorem ...

Note: This linter can be disabled with `set_option linter.unusedSectionVars false`
warning: PaperIV/DiracEngine.lean:124:0: automatically included section variable(s) unused in theorem `PaperIV.rreach_erase`:
  [Fintype V]
consider restructuring your `variable` declarations so that the variables are not in scope or explicitly omit them:
  omit [Fintype V] in theorem ...

Note: This linter can be disabled with `set_option linter.unusedSectionVars false`
warning: PaperIV/DiracEngine.lean:153:0: automatically included section variable(s) unused in theorem `PaperIV.rsimplicial_of_erase`:
  [Fintype V]
consider restructuring your `variable` declarations so that the variables are not in scope or explicitly omit them:
  omit [Fintype V] in theorem ...

Note: This linter can be disabled with `set_option linter.unusedSectionVars false`
warning: PaperIV/DiracEngine.lean:208:52: unused variable `hKS`

Note: This linter can be disabled with `set_option linter.unusedVariables false`
warning: PaperIV/DiracEngine.lean:292:0: automatically included section variable(s) unused in theorem `PaperIV.rreach_univ_iff`:
  [DecidableEq V]
consider restructuring your `variable` declarations so that the variables are not in scope or explicitly omit them:
  omit [DecidableEq V] in theorem ...

Note: This linter can be disabled with `set_option linter.unusedSectionVars false`
warning: PaperIV/DiracEngine.lean:334:53: unused variable `huD`

Note: This linter can be disabled with `set_option linter.unusedVariables false`
warning: PaperIV/DiracEngine.lean:346:0: automatically included section variable(s) unused in theorem `PaperIV.component_sep`:
  [Fintype V]
  [DecidableEq V]
consider restructuring your `variable` declarations so that the variables are not in scope or explicitly omit them:
  omit [Fintype V] [DecidableEq V] in theorem ...

Note: This linter can be disabled with `set_option linter.unusedSectionVars false`
⚠ [8063/8325] Replayed PaperIV.TerminalSplit
warning: PaperIV/TerminalSplit.lean:31:0: automatically included section variable(s) unused in theorem `PaperIV.TerminalSplit.simplicial_in_neighbor_or_eq`:
  [Fintype V]
  [DecidableEq V]
consider restructuring your `variable` declarations so that the variables are not in scope or explicitly omit them:
  omit [Fintype V] [DecidableEq V] in theorem ...

Note: This linter can be disabled with `set_option linter.unusedSectionVars false`
warning: PaperIV/TerminalSplit.lean:43:5: unused variable `hxy`

Note: This linter can be disabled with `set_option linter.unusedVariables false`
⚠ [8065/8325] Replayed PaperIV.Dirac1
warning: PaperIV/Dirac1.lean:396:0: automatically included section variable(s) unused in theorem `PaperIV.minimal_separator_isClique`:
  [Fintype V]
consider restructuring your `variable` declarations so that the variables are not in scope or explicitly omit them:
  omit [Fintype V] in theorem ...

Note: This linter can be disabled with `set_option linter.unusedSectionVars false`
⚠ [8067/8325] Replayed PaperIV.VertexCopySelector
warning: PaperIV/VertexCopySelector.lean:46:4: try 'simp' instead of 'simpa'

Note: This linter can be disabled with `set_option linter.unnecessarySimpa false`
⚠ [8071/8325] Replayed PaperIV.FarRoundingToPhysical
warning: PaperIV/FarRoundingToPhysical.lean:22:0: automatically included section variable(s) unused in theorem `PaperIV.FarRoundingToPhysical.isPiece_of_isItem`:
  [Fintype V]
  [DecidableEq V]
  [DecidableRel G.Adj]
consider restructuring your `variable` declarations so that the variables are not in scope or explicitly omit them:
  omit [Fintype V] [DecidableEq V] [DecidableRel G.Adj] in theorem ...

Note: This linter can be disabled with `set_option linter.unusedSectionVars false`
warning: PaperIV/FarRoundingToPhysical.lean:74:0: automatically included section variable(s) unused in theorem `PaperIV.FarRoundingToPhysical.physical_gain_eq`:
  [Fintype V]
  [DecidableRel G.Adj]
consider restructuring your `variable` declarations so that the variables are not in scope or explicitly omit them:
  omit [Fintype V] [DecidableRel G.Adj] in theorem ...

Note: This linter can be disabled with `set_option linter.unusedSectionVars false`
⚠ [8076/8325] Replayed PaperIV.ColourClasses
warning: PaperIV/ColourClasses.lean:23:0: automatically included section variable(s) unused in theorem `PaperIV.ColourClasses.mem_colourClass`:
  [DecidableEq α]
consider restructuring your `variable` declarations so that the variables are not in scope or explicitly omit them:
  omit [DecidableEq α] in theorem ...

Note: This linter can be disabled with `set_option linter.unusedSectionVars false`
warning: PaperIV/ColourClasses.lean:53:0: automatically included section variable(s) unused in theorem `PaperIV.ColourClasses.card_eq_sum_card_colourClass`:
  [DecidableEq α]
consider restructuring your `variable` declarations so that the variables are not in scope or explicitly omit them:
  omit [DecidableEq α] in theorem ...

Note: This linter can be disabled with `set_option linter.unusedSectionVars false`
⚠ [8079/8325] Replayed PaperIV.EquitableEdgeColouring
warning: PaperIV/EquitableEdgeColouring.lean:66:0: automatically included section variable(s) unused in theorem `PaperIV.EquitableEdgeColouring.sum_card_colourClass_univ`:
  [DecidableEq V]
consider restructuring your `variable` declarations so that the variables are not in scope or explicitly omit them:
  omit [DecidableEq V] in theorem ...

Note: This linter can be disabled with `set_option linter.unusedSectionVars false`
⚠ [8080/8325] Replayed PaperIV.EquitableKempe
warning: PaperIV/EquitableKempe.lean:23:0: automatically included section variable(s) unused in theorem `PaperIV.EquitableKempe.two_mul_card_colourClass_le_vertices`:
  [Fintype Color]
consider restructuring your `variable` declarations so that the variables are not in scope or explicitly omit them:
  omit [Fintype Color] in theorem ...

Note: This linter can be disabled with `set_option linter.unusedSectionVars false`
warning: PaperIV/EquitableKempe.lean:106:0: automatically included section variable(s) unused in theorem `PaperIV.EquitableKempe.edgeAnchor_mem`:
  [Fintype V]
  [DecidableEq V]
consider restructuring your `variable` declarations so that the variables are not in scope or explicitly omit them:
  omit [Fintype V] [DecidableEq V] in theorem ...

Note: This linter can be disabled with `set_option linter.unusedSectionVars false`
warning: PaperIV/EquitableKempe.lean:118:8: automatically included section variable(s) unused in theorem `PaperIV.EquitableKempe.mem_componentClass`:
  [DecidableEq V]
  [Fintype Color]
consider restructuring your `variable` declarations so that the variables are not in scope or explicitly omit them:
  omit [DecidableEq V] [Fintype Color] in theorem ...

Note: This linter can be disabled with `set_option linter.unusedSectionVars false`
warning: PaperIV/EquitableKempe.lean:130:0: automatically included section variable(s) unused in theorem `PaperIV.EquitableKempe.sum_card_componentClass`:
  [Fintype Color]
consider restructuring your `variable` declarations so that the variables are not in scope or explicitly omit them:
  omit [Fintype Color] in theorem ...

Note: This linter can be disabled with `set_option linter.unusedSectionVars false`
warning: PaperIV/EquitableKempe.lean:168:0: automatically included section variable(s) unused in theorem `PaperIV.EquitableKempe.exists_pair_gap_two_of_not_equitable`:
  [DecidableEq V]
  [Fintype Color]
consider restructuring your `variable` declarations so that the variables are not in scope or explicitly omit them:
  omit [DecidableEq V] [Fintype Color] in theorem ...

Note: This linter can be disabled with `set_option linter.unusedSectionVars false`
warning: PaperIV/EquitableKempe.lean:186:0: automatically included section variable(s) unused in theorem `PaperIV.EquitableKempe.liftComponentEdge_injective`:
  [Fintype V]
  [DecidableEq V]
  [Fintype Color]
  [DecidableEq Color]
  [DecidableRel G.Adj]
consider restructuring your `variable` declarations so that the variables are not in scope or explicitly omit them:
  omit [Fintype V] [DecidableEq V] [Fintype Color] [DecidableEq Color] [DecidableRel G.Adj] in theorem ...

Note: This linter can be disabled with `set_option linter.unusedSectionVars false`
warning: PaperIV/EquitableKempe.lean:193:0: automatically included section variable(s) unused in theorem `PaperIV.EquitableKempe.liftComponentEdge_mem_graphEdges`:
  [DecidableEq V]
  [Fintype Color]
  [DecidableEq Color]
consider restructuring your `variable` declarations so that the variables are not in scope or explicitly omit them:
  omit [DecidableEq V] [Fintype Color] [DecidableEq Color] in theorem ...

Note: This linter can be disabled with `set_option linter.unusedSectionVars false`
warning: PaperIV/EquitableKempe.lean:207:0: automatically included section variable(s) unused in theorem `PaperIV.EquitableKempe.liftComponentEdge_has_selected_colour`:
  [Fintype V]
  [DecidableEq V]
  [Fintype Color]
  [DecidableEq Color]
  [DecidableRel G.Adj]
consider restructuring your `variable` declarations so that the variables are not in scope or explicitly omit them:
  omit [Fintype V] [DecidableEq V] [Fintype Color] [DecidableEq Color] [DecidableRel G.Adj] in theorem ...

Note: This linter can be disabled with `set_option linter.unusedSectionVars false`
warning: PaperIV/EquitableKempe.lean:224:0: automatically included section variable(s) unused in theorem `PaperIV.EquitableKempe.twoColourCode_injective_on_pair`:
  [Fintype Color]
consider restructuring your `variable` declarations so that the variables are not in scope or explicitly omit them:
  omit [Fintype Color] in theorem ...

Note: This linter can be disabled with `set_option linter.unusedSectionVars false`
warning: PaperIV/EquitableKempe.lean:275:0: automatically included section variable(s) unused in theorem `PaperIV.EquitableKempe.endpoint_mem_component_of_anchor`:
  [DecidableEq V]
  [Fintype Color]
  [DecidableEq Color]
consider restructuring your `variable` declarations so that the variables are not in scope or explicitly omit them:
  omit [DecidableEq V] [Fintype Color] [DecidableEq Color] in theorem ...

Note: This linter can be disabled with `set_option linter.unusedSectionVars false`
warning: PaperIV/EquitableKempe.lean:343:0: automatically included section variable(s) unused in theorem `PaperIV.EquitableKempe.anchor_liftComponentEdge_mem_support`:
  [Fintype Color]
  [DecidableEq Color]
  [DecidableRel G.Adj]
consider restructuring your `variable` declarations so that the variables are not in scope or explicitly omit them:
  omit [Fintype Color] [DecidableEq Color] [DecidableRel G.Adj] in theorem ...

Note: This linter can be disabled with `set_option linter.unusedSectionVars false`
warning: PaperIV/EquitableKempe.lean:542:0: automatically included section variable(s) unused in theorem `PaperIV.EquitableKempe.colourClass_swapComponent_left`:
  [Fintype Color]
consider restructuring your `variable` declarations so that the variables are not in scope or explicitly omit them:
  omit [Fintype Color] in theorem ...

Note: This linter can be disabled with `set_option linter.unusedSectionVars false`
warning: PaperIV/EquitableKempe.lean:576:0: automatically included section variable(s) unused in theorem `PaperIV.EquitableKempe.colourClass_swapComponent_right`:
  [Fintype Color]
consider restructuring your `variable` declarations so that the variables are not in scope or explicitly omit them:
  omit [Fintype Color] in theorem ...

Note: This linter can be disabled with `set_option linter.unusedSectionVars false`
warning: PaperIV/EquitableKempe.lean:610:0: automatically included section variable(s) unused in theorem `PaperIV.EquitableKempe.componentClass_subset_colourClass`:
  [DecidableEq V]
  [Fintype Color]
consider restructuring your `variable` declarations so that the variables are not in scope or explicitly omit them:
  omit [DecidableEq V] [Fintype Color] in theorem ...

Note: This linter can be disabled with `set_option linter.unusedSectionVars false`
warning: PaperIV/EquitableKempe.lean:672:0: automatically included section variable(s) unused in theorem `PaperIV.EquitableKempe.colourClass_swapComponent_of_ne`:
  [Fintype Color]
consider restructuring your `variable` declarations so that the variables are not in scope or explicitly omit them:
  omit [Fintype Color] in theorem ...

Note: This linter can be disabled with `set_option linter.unusedSectionVars false`
⚠ [8084/8325] Replayed PaperIV.TransportedMatchings
warning: PaperIV/TransportedMatchings.lean:52:4: try 'simp' instead of 'simpa'

Note: This linter can be disabled with `set_option linter.unnecessarySimpa false`
warning: PaperIV/TransportedMatchings.lean:94:0: automatically included section variable(s) unused in theorem `PaperIV.TransportedMatchings.card_mapColourClass`:
  [DecidableEq A]
consider restructuring your `variable` declarations so that the variables are not in scope or explicitly omit them:
  omit [DecidableEq A] in theorem ...

Note: This linter can be disabled with `set_option linter.unusedSectionVars false`
⚠ [8090/8325] Replayed PaperIV.RD09RootedOrderAdapter
warning: PaperIV/RD09RootedOrderAdapter.lean:41:4: try 'simp' instead of 'simpa'

Note: This linter can be disabled with `set_option linter.unnecessarySimpa false`
warning: PaperIV/RD09RootedOrderAdapter.lean:43:4: try 'simp' instead of 'simpa'

Note: This linter can be disabled with `set_option linter.unnecessarySimpa false`
warning: PaperIV/RD09RootedOrderAdapter.lean:36:0: automatically included section variable(s) unused in theorem `PaperIV.RD09RootedOrderAdapter.edge_eq_oriented`:
  [Fintype A]
  [DecidableEq A]
  [DecidableRel G.Adj]
consider restructuring your `variable` declarations so that the variables are not in scope or explicitly omit them:
  omit [Fintype A] [DecidableEq A] [DecidableRel G.Adj] in theorem ...

Note: This linter can be disabled with `set_option linter.unusedSectionVars false`
warning: PaperIV/RD09RootedOrderAdapter.lean:45:0: automatically included section variable(s) unused in theorem `PaperIV.RD09RootedOrderAdapter.edgeEarlier_index_lt_edgeLater`:
  [Fintype A]
  [DecidableEq A]
  [DecidableRel G.Adj]
consider restructuring your `variable` declarations so that the variables are not in scope or explicitly omit them:
  omit [Fintype A] [DecidableEq A] [DecidableRel G.Adj] in theorem ...

Note: This linter can be disabled with `set_option linter.unusedSectionVars false`
warning: PaperIV/RD09RootedOrderAdapter.lean:62:8: automatically included section variable(s) unused in theorem `PaperIV.RD09RootedOrderAdapter.mem_laterCoreNeighbors`:
  [DecidableEq A]
  [DecidableRel G.Adj]
consider restructuring your `variable` declarations so that the variables are not in scope or explicitly omit them:
  omit [DecidableEq A] [DecidableRel G.Adj] in theorem ...

Note: This linter can be disabled with `set_option linter.unusedSectionVars false`
warning: PaperIV/RD09RootedOrderAdapter.lean:135:0: automatically included section variable(s) unused in theorem `PaperIV.RD09RootedOrderAdapter.nesting_of_rooted_order`:
  [DecidableEq A]
  [Fintype I]
consider restructuring your `variable` declarations so that the variables are not in scope or explicitly omit them:
  omit [DecidableEq A] [Fintype I] in theorem ...

Note: This linter can be disabled with `set_option linter.unusedSectionVars false`
⚠ [8092/8325] Replayed PaperIV.PaddedEquitableColouring
warning: PaperIV/PaddedEquitableColouring.lean:46:0: automatically included section variable(s) unused in theorem `PaperIV.PaddedEquitableColouring.hostCount_le_paddedPaletteSize`:
  [DecidableEq V]
consider restructuring your `variable` declarations so that the variables are not in scope or explicitly omit them:
  omit [DecidableEq V] in theorem ...

Note: This linter can be disabled with `set_option linter.unusedSectionVars false`
warning: PaperIV/PaddedEquitableColouring.lean:49:0: automatically included section variable(s) unused in theorem `PaperIV.PaddedEquitableColouring.vizingSize_le_paddedPaletteSize`:
  [DecidableEq V]
consider restructuring your `variable` declarations so that the variables are not in scope or explicitly omit them:
  omit [DecidableEq V] in theorem ...

Note: This linter can be disabled with `set_option linter.unusedSectionVars false`
⚠ [8094/8325] Replayed PaperIV.RootEdgeSplit
warning: PaperIV/RootEdgeSplit.lean:56:4: `Finset.filter_card_add_filter_neg_card_eq_card` has been deprecated: Use `Finset.card_filter_add_card_filter_not` instead
⚠ [8099/8325] Replayed MixedRounding.Defs
warning: MixedRounding/Defs.lean:42:0: automatically included section variable(s) unused in theorem `MixedRounding.mem_pairs`:
  [Fintype V]
consider restructuring your `variable` declarations so that the variables are not in scope or explicitly omit them:
  omit [Fintype V] in theorem ...

Note: This linter can be disabled with `set_option linter.unusedSectionVars false`
warning: MixedRounding/Defs.lean:46:0: automatically included section variable(s) unused in theorem `MixedRounding.mk_mem_pairs`:
  [Fintype V]
consider restructuring your `variable` declarations so that the variables are not in scope or explicitly omit them:
  omit [Fintype V] in theorem ...

Note: This linter can be disabled with `set_option linter.unusedSectionVars false`
warning: MixedRounding/Defs.lean:71:0: automatically included section variable(s) unused in theorem `MixedRounding.gainF_le_five`:
  [Fintype V]
  [DecidableEq V]
consider restructuring your `variable` declarations so that the variables are not in scope or explicitly omit them:
  omit [Fintype V] [DecidableEq V] in theorem ...

Note: This linter can be disabled with `set_option linter.unusedSectionVars false`
warning: MixedRounding/Defs.lean:78:0: automatically included section variable(s) unused in theorem `MixedRounding.gainF_nonneg`:
  [Fintype V]
  [DecidableEq V]
consider restructuring your `variable` declarations so that the variables are not in scope or explicitly omit them:
  omit [Fintype V] [DecidableEq V] in theorem ...

Note: This linter can be disabled with `set_option linter.unusedSectionVars false`
⚠ [8100/8325] Replayed MixedRounding.Lift
warning: MixedRounding/Lift.lean:54:0: automatically included section variable(s) unused in theorem `MixedRounding.filter_isDiag_sym2`:
  [Fintype V]
consider restructuring your `variable` declarations so that the variables are not in scope or explicitly omit them:
  omit [Fintype V] in theorem ...

Note: This linter can be disabled with `set_option linter.unusedSectionVars false`
warning: MixedRounding/Lift.lean:109:0: automatically included section variable(s) unused in theorem `MixedRounding.two_le_card_of_isItem`:
  [Fintype V]
  [DecidableEq V]
  [DecidableRel G.Adj]
consider restructuring your `variable` declarations so that the variables are not in scope or explicitly omit them:
  omit [Fintype V] [DecidableEq V] [DecidableRel G.Adj] in theorem ...

Note: This linter can be disabled with `set_option linter.unusedSectionVars false`
⚠ [8101/8325] Replayed PaperIV.TriangleCover
warning: PaperIV/TriangleCover.lean:145:0: automatically included section variable(s) unused in theorem `PaperIV.TriangleCover.exists_tri_subset`:
  [Fintype V]
  [DecidableEq V]
  [DecidableRel G.Adj]
consider restructuring your `variable` declarations so that the variables are not in scope or explicitly omit them:
  omit [Fintype V] [DecidableEq V] [DecidableRel G.Adj] in theorem ...

Note: This linter can be disabled with `set_option linter.unusedSectionVars false`
warning: PaperIV/TriangleCover.lean:192:8: automatically included section variable(s) unused in theorem `PaperIV.TriangleCover.emptyPacking_gain`:
  [Fintype V]
consider restructuring your `variable` declarations so that the variables are not in scope or explicitly omit them:
  omit [Fintype V] in theorem ...

Note: This linter can be disabled with `set_option linter.unusedSectionVars false`
⚠ [8102/8325] Replayed MixedRounding.Cleanup
warning: MixedRounding/Cleanup.lean:127:31: unused variable `hε`

Note: This linter can be disabled with `set_option linter.unusedVariables false`
⚠ [8103/8325] Replayed PaperIV.MixedRoundingAdapter
warning: PaperIV/MixedRoundingAdapter.lean:30:0: automatically included section variable(s) unused in theorem `PaperIV.MixedRoundingAdapter.pairs_eq`:
  [Fintype V]
consider restructuring your `variable` declarations so that the variables are not in scope or explicitly omit them:
  omit [Fintype V] in theorem ...

Note: This linter can be disabled with `set_option linter.unusedSectionVars false`
warning: PaperIV/MixedRoundingAdapter.lean:32:0: automatically included section variable(s) unused in theorem `PaperIV.MixedRoundingAdapter.isItem_iff`:
  [Fintype V]
  [DecidableEq V]
  [DecidableRel G.Adj]
consider restructuring your `variable` declarations so that the variables are not in scope or explicitly omit them:
  omit [Fintype V] [DecidableEq V] [DecidableRel G.Adj] in theorem ...

Note: This linter can be disabled with `set_option linter.unusedSectionVars false`
warning: PaperIV/MixedRoundingAdapter.lean:35:0: automatically included section variable(s) unused in theorem `PaperIV.MixedRoundingAdapter.gainF_eq`:
  [Fintype V]
  [DecidableEq V]
consider restructuring your `variable` declarations so that the variables are not in scope or explicitly omit them:
  omit [Fintype V] [DecidableEq V] in theorem ...

Note: This linter can be disabled with `set_option linter.unusedSectionVars false`
warning: PaperIV/MixedRoundingAdapter.lean:38:0: automatically included section variable(s) unused in theorem `PaperIV.MixedRoundingAdapter.gainOf_eq`:
  [Fintype V]
  [DecidableEq V]
consider restructuring your `variable` declarations so that the variables are not in scope or explicitly omit them:
  omit [Fintype V] [DecidableEq V] in theorem ...

Note: This linter can be disabled with `set_option linter.unusedSectionVars false`
⚠ [8106/8325] Replayed PaperIV.TriangleSwap
warning: PaperIV/TriangleSwap.lean:90:0: automatically included section variable(s) unused in theorem `PaperIV.TriangleSwap.isTriFamily_subset`:
  [Fintype V]
consider restructuring your `variable` declarations so that the variables are not in scope or explicitly omit them:
  omit [Fintype V] in theorem ...

Note: This linter can be disabled with `set_option linter.unusedSectionVars false`
⚠ [8107/8325] Replayed PaperIV.SparseRegime
warning: PaperIV/SparseRegime.lean:82:0: automatically included section variable(s) unused in theorem `PaperIV.SparseRegime.emptyPacking_gain`:
  [Fintype V]
consider restructuring your `variable` declarations so that the variables are not in scope or explicitly omit them:
  omit [Fintype V] in theorem ...

Note: This linter can be disabled with `set_option linter.unusedSectionVars false`
⚠ [8156/8325] Replayed Nibble.TightSchedule
warning: Nibble/TightSchedule.lean:40:22: unused variable `hgam8`

Note: This linter can be disabled with `set_option linter.unusedVariables false`
warning: Nibble/TightSchedule.lean:51:22: unused variable `hgam8`

Note: This linter can be disabled with `set_option linter.unusedVariables false`
⚠ [8181/8325] Replayed Nibble.LPDuality
warning: Nibble/LPDuality.lean:29:8: automatically included section variable(s) unused in theorem `_private.Nibble.LPDuality.0.LPDuality.zero_isPacking`:
  [Fintype C]
consider restructuring your `variable` declarations so that the variables are not in scope or explicitly omit them:
  omit [Fintype C] in theorem ...

Note: This linter can be disabled with `set_option linter.unusedSectionVars false`
warning: Nibble/LPDuality.lean:68:8: automatically included section variable(s) unused in theorem `_private.Nibble.LPDuality.0.LPDuality.coverOpt_le_value`:
  [Fintype O]
  [DecidableEq C]
consider restructuring your `variable` declarations so that the variables are not in scope or explicitly omit them:
  omit [Fintype O] [DecidableEq C] in theorem ...

Note: This linter can be disabled with `set_option linter.unusedSectionVars false`
warning: Nibble/LPDuality.lean:105:8: automatically included section variable(s) unused in theorem `_private.Nibble.LPDuality.0.LPDuality.coverMap_apply_row`:
  [DecidableEq C]
consider restructuring your `variable` declarations so that the variables are not in scope or explicitly omit them:
  omit [DecidableEq C] in theorem ...

Note: This linter can be disabled with `set_option linter.unusedSectionVars false`
warning: Nibble/LPDuality.lean:109:8: automatically included section variable(s) unused in theorem `_private.Nibble.LPDuality.0.LPDuality.coverMap_apply_value`:
  [DecidableEq C]
consider restructuring your `variable` declarations so that the variables are not in scope or explicitly omit them:
  omit [DecidableEq C] in theorem ...

Note: This linter can be disabled with `set_option linter.unusedSectionVars false`
warning: Nibble/LPDuality.lean:605:8: automatically included section variable(s) unused in theorem `_private.Nibble.LPDuality.0.LPDuality.coverOpt_eq_zero_of_empty_row`:
  [Fintype O]
  [DecidableEq C]
consider restructuring your `variable` declarations so that the variables are not in scope or explicitly omit them:
  omit [Fintype O] [DecidableEq C] in theorem ...

Note: This linter can be disabled with `set_option linter.unusedSectionVars false`
⚠ [8186/8325] Replayed Nibble.BeckFialaPairs
warning: Nibble/BeckFialaPairs.lean:30:0: automatically included section variable(s) unused in theorem `Nibble.BeckFiala.mem_pairClosure`:
  [DecidableEq V]
consider restructuring your `variable` declarations so that the variables are not in scope or explicitly omit them:
  omit [DecidableEq V] in theorem ...

Note: This linter can be disabled with `set_option linter.unusedSectionVars false`
⚠ [8190/8325] Replayed PaperIV.RC01CanonicalFractional
warning: PaperIV/RC01CanonicalFractional.lean:37:0: automatically included section variable(s) unused in theorem `PaperIV.RC01CanonicalFractional.canonicalWeight_nonneg`:
  [Fintype V]
  [Fintype Pat]
  [DecidableEq Pat]
consider restructuring your `variable` declarations so that the variables are not in scope or explicitly omit them:
  omit [Fintype V] [Fintype Pat] [DecidableEq Pat] in theorem ...

Note: This linter can be disabled with `set_option linter.unusedSectionVars false`
warning: PaperIV/RC01CanonicalFractional.lean:57:0: automatically included section variable(s) unused in theorem `PaperIV.RC01CanonicalFractional.oneCount_mono`:
  [Fintype V]
  [Fintype Pat]
  [DecidableEq Pat]
consider restructuring your `variable` declarations so that the variables are not in scope or explicitly omit them:
  omit [Fintype V] [Fintype Pat] [DecidableEq Pat] in theorem ...

Note: This linter can be disabled with `set_option linter.unusedSectionVars false`
warning: PaperIV/RC01CanonicalFractional.lean:66:0: automatically included section variable(s) unused in theorem `PaperIV.RC01CanonicalFractional.twoCount_mono`:
  [Fintype V]
  [Fintype Pat]
  [DecidableEq Pat]
consider restructuring your `variable` declarations so that the variables are not in scope or explicitly omit them:
  omit [Fintype V] [Fintype Pat] [DecidableEq Pat] in theorem ...

Note: This linter can be disabled with `set_option linter.unusedSectionVars false`
warning: PaperIV/RC01CanonicalFractional.lean:103:0: automatically included section variable(s) unused in theorem `PaperIV.RC01CanonicalFractional.load_eq`:
  [Fintype Pat]
  [DecidableEq Pat]
consider restructuring your `variable` declarations so that the variables are not in scope or explicitly omit them:
  omit [Fintype Pat] [DecidableEq Pat] in theorem ...

Note: This linter can be disabled with `set_option linter.unusedSectionVars false`
warning: PaperIV/RC01CanonicalFractional.lean:128:0: automatically included section variable(s) unused in theorem `PaperIV.RC01CanonicalFractional.codegree_eq`:
  [Fintype Pat]
  [DecidableEq Pat]
consider restructuring your `variable` declarations so that the variables are not in scope or explicitly omit them:
  omit [Fintype Pat] [DecidableEq Pat] in theorem ...

Note: This linter can be disabled with `set_option linter.unusedSectionVars false`
⚠ [8194/8325] Replayed PaperIV.EpsilonBudgetFull
warning: PaperIV/EpsilonBudgetFull.lean:110:35: unused variable `hε`

Note: This linter can be disabled with `set_option linter.unusedVariables false`
⚠ [8198/8325] Replayed PaperIV.UniformWeightValue
warning: PaperIV/UniformWeightValue.lean:19:0: automatically included section variable(s) unused in theorem `PaperIV.UniformWeightValue.uniformWeight_nonneg`:
  [DecidableEq V]
consider restructuring your `variable` declarations so that the variables are not in scope or explicitly omit them:
  omit [DecidableEq V] in theorem ...

Note: This linter can be disabled with `set_option linter.unusedSectionVars false`
warning: PaperIV/UniformWeightValue.lean:26:0: automatically included section variable(s) unused in theorem `PaperIV.UniformWeightValue.uniformWeight_empty`:
  [DecidableEq V]
consider restructuring your `variable` declarations so that the variables are not in scope or explicitly omit them:
  omit [DecidableEq V] in theorem ...

Note: This linter can be disabled with `set_option linter.unusedSectionVars false`
warning: PaperIV/UniformWeightValue.lean:29:0: automatically included section variable(s) unused in theorem `PaperIV.UniformWeightValue.empty_family_weight_sum`:
  [DecidableEq V]
consider restructuring your `variable` declarations so that the variables are not in scope or explicitly omit them:
  omit [DecidableEq V] in theorem ...

Note: This linter can be disabled with `set_option linter.unusedSectionVars false`
warning: PaperIV/UniformWeightValue.lean:38:7: unused variable `K`

Note: This linter can be disabled with `set_option linter.unusedVariables false`
warning: PaperIV/UniformWeightValue.lean:39:9: unused variable `K`

Note: This linter can be disabled with `set_option linter.unusedVariables false`
warning: PaperIV/UniformWeightValue.lean:40:9: unused variable `K`

Note: This linter can be disabled with `set_option linter.unusedVariables false`
warning: PaperIV/UniformWeightValue.lean:48:76: this tactic is never executed

Note: This linter can be disabled with `set_option linter.unreachableTactic false`
warning: PaperIV/UniformWeightValue.lean:48:76: 'ring' tactic does nothing

Note: This linter can be disabled with `set_option linter.unusedTactic false`
⚠ [8200/8325] Replayed PaperIV.SplitFamilyNonempty
warning: PaperIV/SplitFamilyNonempty.lean:27:0: automatically included section variable(s) unused in theorem `PaperIV.SplitFamilyNonempty.famK4core_nonempty`:
  [DecidableEq V]
consider restructuring your `variable` declarations so that the variables are not in scope or explicitly omit them:
  omit [DecidableEq V] in theorem ...

Note: This linter can be disabled with `set_option linter.unusedSectionVars false`
⚠ [8203/8325] Replayed PaperIV.TerminalSplitAdapter
warning: PaperIV/TerminalSplitAdapter.lean:23:8: automatically included section variable(s) unused in theorem `PaperIV.TerminalSplitAdapter.mem_coreFinset`:
  [DecidableEq V]
consider restructuring your `variable` declarations so that the variables are not in scope or explicitly omit them:
  omit [DecidableEq V] in theorem ...

Note: This linter can be disabled with `set_option linter.unusedSectionVars false`
warning: PaperIV/TerminalSplitAdapter.lean:27:8: automatically included section variable(s) unused in theorem `PaperIV.TerminalSplitAdapter.mem_hostFinset`:
  [DecidableEq V]
consider restructuring your `variable` declarations so that the variables are not in scope or explicitly omit them:
  omit [DecidableEq V] in theorem ...

Note: This linter can be disabled with `set_option linter.unusedSectionVars false`
⚠ [8205/8325] Replayed PaperIV.GraphFamilyDistance
warning: PaperIV/GraphFamilyDistance.lean:23:8: automatically included section variable(s) unused in theorem `PaperIV.GraphFamilyDistance.graphEdgeSupport_eq_edgeFinset`:
  [DecidableEq V]
consider restructuring your `variable` declarations so that the variables are not in scope or explicitly omit them:
  omit [DecidableEq V] in theorem ...

Note: This linter can be disabled with `set_option linter.unusedSectionVars false`
⚠ [8206/8325] Replayed PaperIV.ChordalC4
warning: PaperIV/ChordalC4.lean:15:0: automatically included section variable(s) unused in theorem `PaperIV.RootVocab.no_induced_fourCycle`:
  [Fintype V]
  [DecidableEq V]
consider restructuring your `variable` declarations so that the variables are not in scope or explicitly omit them:
  omit [Fintype V] [DecidableEq V] in theorem ...

Note: This linter can be disabled with `set_option linter.unusedSectionVars false`
⚠ [8213/8460] Replayed PaperIV.RegularityFormat
warning: PaperIV/RegularityFormat.lean:56:0: automatically included section variable(s) unused in theorem `PaperIV.RegularityFormat.trim_subset`:
  [DecidableEq α]
  [Fintype α]
consider restructuring your `variable` declarations so that the variables are not in scope or explicitly omit them:
  omit [DecidableEq α] [Fintype α] in theorem ...

Note: This linter can be disabled with `set_option linter.unusedSectionVars false`
warning: PaperIV/RegularityFormat.lean:60:0: automatically included section variable(s) unused in theorem `PaperIV.RegularityFormat.card_trim`:
  [DecidableEq α]
  [Fintype α]
consider restructuring your `variable` declarations so that the variables are not in scope or explicitly omit them:
  omit [DecidableEq α] [Fintype α] in theorem ...

Note: This linter can be disabled with `set_option linter.unusedSectionVars false`
warning: PaperIV/RegularityFormat.lean:67:0: automatically included section variable(s) unused in theorem `PaperIV.RegularityFormat.isUniform_of_real`:
  [DecidableEq α]
  [Fintype α]
consider restructuring your `variable` declarations so that the variables are not in scope or explicitly omit them:
  omit [DecidableEq α] [Fintype α] in theorem ...

Note: This linter can be disabled with `set_option linter.unusedSectionVars false`
⚠ [8215/8460] Replayed PaperIV.PatternCounting
warning: PaperIV/PatternCounting.lean:64:0: automatically included section variable(s) unused in theorem `PaperIV.PatternCounting.adjInd_nonneg`:
  [Fintype α]
  [DecidableEq α]
consider restructuring your `variable` declarations so that the variables are not in scope or explicitly omit them:
  omit [Fintype α] [DecidableEq α] in theorem ...

Note: This linter can be disabled with `set_option linter.unusedSectionVars false`
warning: PaperIV/PatternCounting.lean:67:0: automatically included section variable(s) unused in theorem `PaperIV.PatternCounting.adjInd_le_one`:
  [Fintype α]
  [DecidableEq α]
consider restructuring your `variable` declarations so that the variables are not in scope or explicitly omit them:
  omit [Fintype α] [DecidableEq α] in theorem ...

Note: This linter can be disabled with `set_option linter.unusedSectionVars false`
warning: PaperIV/PatternCounting.lean:85:0: automatically included section variable(s) unused in theorem `PaperIV.PatternCounting.setTwo_left`:
  [Fintype ι]
  [Fintype α]
  [DecidableEq α]
consider restructuring your `variable` declarations so that the variables are not in scope or explicitly omit them:
  omit [Fintype ι] [Fintype α] [DecidableEq α] in theorem ...

Note: This linter can be disabled with `set_option linter.unusedSectionVars false`
warning: PaperIV/PatternCounting.lean:88:0: automatically included section variable(s) unused in theorem `PaperIV.PatternCounting.setTwo_right`:
  [Fintype ι]
  [Fintype α]
  [DecidableEq α]
consider restructuring your `variable` declarations so that the variables are not in scope or explicitly omit them:
  omit [Fintype ι] [Fintype α] [DecidableEq α] in theorem ...

Note: This linter can be disabled with `set_option linter.unusedSectionVars false`
warning: PaperIV/PatternCounting.lean:92:0: automatically included section variable(s) unused in theorem `PaperIV.PatternCounting.setTwo_other`:
  [Fintype ι]
  [Fintype α]
  [DecidableEq α]
consider restructuring your `variable` declarations so that the variables are not in scope or explicitly omit them:
  omit [Fintype ι] [Fintype α] [DecidableEq α] in theorem ...

Note: This linter can be disabled with `set_option linter.unusedSectionVars false`
warning: PaperIV/PatternCounting.lean:194:0: automatically included section variable(s) unused in theorem `PaperIV.PatternCounting.ne_j_of_mem_touch`:
  [Fintype ι]
consider restructuring your `variable` declarations so that the variables are not in scope or explicitly omit them:
  omit [Fintype ι] in theorem ...

Note: This linter can be disabled with `set_option linter.unusedSectionVars false`
warning: PaperIV/PatternCounting.lean:282:0: automatically included section variable(s) unused in theorem `PaperIV.PatternCounting.prod_adjInd_zero_or_one`:
  [Fintype ι]
  [DecidableEq ι]
  [Fintype α]
  [DecidableEq α]
consider restructuring your `variable` declarations so that the variables are not in scope or explicitly omit them:
  omit [Fintype ι] [DecidableEq ι] [Fintype α] [DecidableEq α] in theorem ...

Note: This linter can be disabled with `set_option linter.unusedSectionVars false`
warning: PaperIV/PatternCounting.lean:292:0: automatically included section variable(s) unused in theorem `PaperIV.PatternCounting.prod_adjInd_nonneg`:
  [Fintype ι]
  [DecidableEq ι]
consider restructuring your `variable` declarations so that the variables are not in scope or explicitly omit them:
  omit [Fintype ι] [DecidableEq ι] in theorem ...

Note: This linter can be disabled with `set_option linter.unusedSectionVars false`
warning: PaperIV/PatternCounting.lean:294:26: unused variable `e`

Note: This linter can be disabled with `set_option linter.unusedVariables false`
warning: PaperIV/PatternCounting.lean:296:0: automatically included section variable(s) unused in theorem `PaperIV.PatternCounting.prod_adjInd_le_one`:
  [Fintype ι]
  [DecidableEq ι]
consider restructuring your `variable` declarations so that the variables are not in scope or explicitly omit them:
  omit [Fintype ι] [DecidableEq ι] in theorem ...

Note: This linter can be disabled with `set_option linter.unusedSectionVars false`
warning: PaperIV/PatternCounting.lean:298:26: unused variable `e`

Note: This linter can be disabled with `set_option linter.unusedVariables false`
warning: PaperIV/PatternCounting.lean:298:57: unused variable `e`

Note: This linter can be disabled with `set_option linter.unusedVariables false`
warning: PaperIV/PatternCounting.lean:301:0: automatically included section variable(s) unused in theorem `PaperIV.PatternCounting.sum_adjInd_eq_card_interedges`:
  [Fintype α]
  [DecidableEq α]
consider restructuring your `variable` declarations so that the variables are not in scope or explicitly omit them:
  omit [Fintype α] [DecidableEq α] in theorem ...

Note: This linter can be disabled with `set_option linter.unusedSectionVars false`
warning: PaperIV/PatternCounting.lean:314:0: automatically included section variable(s) unused in theorem `PaperIV.PatternCounting.sum_mul_indicator`:
  [Fintype α]
  [DecidableEq α]
consider restructuring your `variable` declarations so that the variables are not in scope or explicitly omit them:
  omit [Fintype α] [DecidableEq α] in theorem ...

Note: This linter can be disabled with `set_option linter.unusedSectionVars false`
warning: PaperIV/PatternCounting.lean:326:0: automatically included section variable(s) unused in theorem `PaperIV.PatternCounting.card_freeze_mul`:
  [Fintype α]
  [DecidableEq α]
consider restructuring your `variable` declarations so that the variables are not in scope or explicitly omit them:
  omit [Fintype α] [DecidableEq α] in theorem ...

Note: This linter can be disabled with `set_option linter.unusedSectionVars false`
warning: PaperIV/PatternCounting.lean:364:5: unused variable `hε`

Note: This linter can be disabled with `set_option linter.unusedVariables false`
warning: PaperIV/PatternCounting.lean:466:0: automatically included section variable(s) unused in theorem `PaperIV.PatternCounting.patCount_empty`:
  [Fintype α]
  [DecidableEq α]
consider restructuring your `variable` declarations so that the variables are not in scope or explicitly omit them:
  omit [Fintype α] [DecidableEq α] in theorem ...

Note: This linter can be disabled with `set_option linter.unusedSectionVars false`
warning: PaperIV/PatternCounting.lean:550:0: automatically included section variable(s) unused in theorem `PaperIV.PatternCounting.patCount_eq_card`:
  [Fintype α]
  [DecidableEq α]
consider restructuring your `variable` declarations so that the variables are not in scope or explicitly omit them:
  omit [Fintype α] [DecidableEq α] in theorem ...

Note: This linter can be disabled with `set_option linter.unusedSectionVars false`
warning: PaperIV/PatternCounting.lean:594:9: unused variable `e`

Note: This linter can be disabled with `set_option linter.unusedVariables false`
warning: PaperIV/PatternCounting.lean:595:9: unused variable `e`

Note: This linter can be disabled with `set_option linter.unusedVariables false`
⚠ [8216/8460] Replayed PaperIV.EighthMoment
warning: PaperIV/EighthMoment.lean:68:0: automatically included section variable(s) unused in theorem `PaperIV.EighthMoment.FinProb.expect_const`:
  [DecidableEq Ω]
consider restructuring your `variable` declarations so that the variables are not in scope or explicitly omit them:
  omit [DecidableEq Ω] in theorem ...

Note: This linter can be disabled with `set_option linter.unusedSectionVars false`
warning: PaperIV/EighthMoment.lean:72:0: automatically included section variable(s) unused in theorem `PaperIV.EighthMoment.FinProb.expect_mono`:
  [DecidableEq Ω]
consider restructuring your `variable` declarations so that the variables are not in scope or explicitly omit them:
  omit [DecidableEq Ω] in theorem ...

Note: This linter can be disabled with `set_option linter.unusedSectionVars false`
warning: PaperIV/EighthMoment.lean:76:0: automatically included section variable(s) unused in theorem `PaperIV.EighthMoment.FinProb.abs_expect_le`:
  [DecidableEq Ω]
consider restructuring your `variable` declarations so that the variables are not in scope or explicitly omit them:
  omit [DecidableEq Ω] in theorem ...

Note: This linter can be disabled with `set_option linter.unusedSectionVars false`
warning: PaperIV/EighthMoment.lean:85:0: automatically included section variable(s) unused in theorem `PaperIV.EighthMoment.FinProb.expect_sum`:
  [DecidableEq Ω]
consider restructuring your `variable` declarations so that the variables are not in scope or explicitly omit them:
  omit [DecidableEq Ω] in theorem ...

Note: This linter can be disabled with `set_option linter.unusedSectionVars false`
warning: PaperIV/EighthMoment.lean:91:0: automatically included section variable(s) unused in theorem `PaperIV.EighthMoment.FinProb.prob_nonneg`:
  [DecidableEq Ω]
consider restructuring your `variable` declarations so that the variables are not in scope or explicitly omit them:
  omit [DecidableEq Ω] in theorem ...

Note: This linter can be disabled with `set_option linter.unusedSectionVars false`
warning: PaperIV/EighthMoment.lean:95:0: automatically included section variable(s) unused in theorem `PaperIV.EighthMoment.FinProb.markov`:
  [DecidableEq Ω]
consider restructuring your `variable` declarations so that the variables are not in scope or explicitly omit them:
  omit [DecidableEq Ω] in theorem ...

Note: This linter can be disabled with `set_option linter.unusedSectionVars false`
warning: PaperIV/EighthMoment.lean:149:0: automatically included section variable(s) unused in theorem `PaperIV.EighthMoment.expect_prod_eq_zero`:
  [DecidableEq Ω]
consider restructuring your `variable` declarations so that the variables are not in scope or explicitly omit them:
  omit [DecidableEq Ω] in theorem ...

Note: This linter can be disabled with `set_option linter.unusedSectionVars false`
warning: PaperIV/EighthMoment.lean:258:0: automatically included section variable(s) unused in theorem `PaperIV.EighthMoment.FinProb.prob_mono`:
  [DecidableEq Ω]
consider restructuring your `variable` declarations so that the variables are not in scope or explicitly omit them:
  omit [DecidableEq Ω] in theorem ...

Note: This linter can be disabled with `set_option linter.unusedSectionVars false`
⚠ [8217/8460] Replayed PaperIV.RootedVariance
warning: PaperIV/RootedVariance.lean:59:0: automatically included section variable(s) unused in theorem `PaperIV.RootedVariance.card_pairs_eq_card_doubled`:
  [Fintype α]
consider restructuring your `variable` declarations so that the variables are not in scope or explicitly omit them:
  omit [Fintype α] in theorem ...

Note: This linter can be disabled with `set_option linter.unusedSectionVars false`
warning: PaperIV/RootedVariance.lean:205:26: this tactic is never executed

Note: This linter can be disabled with `set_option linter.unreachableTactic false`
warning: PaperIV/RootedVariance.lean:230:26: this tactic is never executed

Note: This linter can be disabled with `set_option linter.unreachableTactic false`
warning: PaperIV/RootedVariance.lean:205:26: 'ring' tactic does nothing

Note: This linter can be disabled with `set_option linter.unusedTactic false`
warning: PaperIV/RootedVariance.lean:230:26: 'ring' tactic does nothing

Note: This linter can be disabled with `set_option linter.unusedTactic false`
warning: PaperIV/RootedVariance.lean:282:0: automatically included section variable(s) unused in theorem `PaperIV.RootedVariance.card_pairs_eq_card_doubledK4`:
  [Fintype α]
consider restructuring your `variable` declarations so that the variables are not in scope or explicitly omit them:
  omit [Fintype α] in theorem ...

Note: This linter can be disabled with `set_option linter.unusedSectionVars false`
warning: PaperIV/RootedVariance.lean:449:26: this tactic is never executed

Note: This linter can be disabled with `set_option linter.unreachableTactic false`
warning: PaperIV/RootedVariance.lean:482:26: this tactic is never executed

Note: This linter can be disabled with `set_option linter.unreachableTactic false`
warning: PaperIV/RootedVariance.lean:449:26: 'ring' tactic does nothing

Note: This linter can be disabled with `set_option linter.unusedTactic false`
warning: PaperIV/RootedVariance.lean:482:26: 'ring' tactic does nothing

Note: This linter can be disabled with `set_option linter.unusedTactic false`
⚠ [8218/8460] Replayed PaperIV.CopyCleanup
warning: PaperIV/CopyCleanup.lean:49:0: automatically included section variable(s) unused in theorem `PaperIV.CopyCleanup.cleaned_subset`:
  [DecidableEq κ]
  [DecidableEq ι]
consider restructuring your `variable` declarations so that the variables are not in scope or explicitly omit them:
  omit [DecidableEq κ] [DecidableEq ι] in theorem ...

Note: This linter can be disabled with `set_option linter.unusedSectionVars false`
warning: PaperIV/CopyCleanup.lean:52:0: automatically included section variable(s) unused in theorem `PaperIV.CopyCleanup.card_cleaned_add_removed`:
  [DecidableEq κ]
  [DecidableEq ι]
consider restructuring your `variable` declarations so that the variables are not in scope or explicitly omit them:
  omit [DecidableEq κ] [DecidableEq ι] in theorem ...

Note: This linter can be disabled with `set_option linter.unusedSectionVars false`
warning: PaperIV/CopyCleanup.lean:70:0: automatically included section variable(s) unused in theorem `PaperIV.CopyCleanup.card_removed_le`:
  [DecidableEq ι]
consider restructuring your `variable` declarations so that the variables are not in scope or explicitly omit them:
  omit [DecidableEq ι] in theorem ...

Note: This linter can be disabled with `set_option linter.unusedSectionVars false`
warning: PaperIV/CopyCleanup.lean:155:67: unused variable `hθ`

Note: This linter can be disabled with `set_option linter.unusedVariables false`
warning: PaperIV/CopyCleanup.lean:184:0: automatically included section variable(s) unused in theorem `PaperIV.CopyCleanup.cleaned_count_ge`:
  [DecidableEq κ]
  [DecidableEq ι]
consider restructuring your `variable` declarations so that the variables are not in scope or explicitly omit them:
  omit [DecidableEq κ] [DecidableEq ι] in theorem ...

Note: This linter can be disabled with `set_option linter.unusedSectionVars false`
warning: PaperIV/CopyCleanup.lean:193:0: automatically included section variable(s) unused in theorem `PaperIV.CopyCleanup.fiber_cleaned_eq_empty`:
  [DecidableEq κ]
  [DecidableEq ι]
consider restructuring your `variable` declarations so that the variables are not in scope or explicitly omit them:
  omit [DecidableEq κ] [DecidableEq ι] in theorem ...

Note: This linter can be disabled with `set_option linter.unusedSectionVars false`
⚠ [8219/8460] Replayed PaperIV.PatternMass
warning: PaperIV/PatternMass.lean:49:0: automatically included section variable(s) unused in theorem `PaperIV.PatternMass.gainF_nonneg`:
  [Fintype V]
  [DecidableEq V]
  [DecidableRel G.Adj]
consider restructuring your `variable` declarations so that the variables are not in scope or explicitly omit them:
  omit [Fintype V] [DecidableEq V] [DecidableRel G.Adj] in theorem ...

Note: This linter can be disabled with `set_option linter.unusedSectionVars false`
warning: PaperIV/PatternMass.lean:56:0: automatically included section variable(s) unused in theorem `PaperIV.PatternMass.gainF_le_five`:
  [Fintype V]
  [DecidableEq V]
  [DecidableRel G.Adj]
consider restructuring your `variable` declarations so that the variables are not in scope or explicitly omit them:
  omit [Fintype V] [DecidableEq V] [DecidableRel G.Adj] in theorem ...

Note: This linter can be disabled with `set_option linter.unusedSectionVars false`
warning: PaperIV/PatternMass.lean:138:0: automatically included section variable(s) unused in theorem `PaperIV.PatternMass.card_crossEdges`:
  [Fintype V]
consider restructuring your `variable` declarations so that the variables are not in scope or explicitly omit them:
  omit [Fintype V] in theorem ...

Note: This linter can be disabled with `set_option linter.unusedSectionVars false`
warning: PaperIV/PatternMass.lean:185:26: unused variable `hnn`

Note: This linter can be disabled with `set_option linter.unusedVariables false`
⚠ [8220/8460] Replayed PaperIV.SimultaneousSelection
warning: PaperIV/SimultaneousSelection.lean:39:0: automatically included section variable(s) unused in theorem `PaperIV.SimultaneousSelection.prob_univ`:
  [DecidableEq Ω]
consider restructuring your `variable` declarations so that the variables are not in scope or explicitly omit them:
  omit [DecidableEq Ω] in theorem ...

Note: This linter can be disabled with `set_option linter.unusedSectionVars false`
⚠ [8222/8460] Replayed PaperIV.OwnerCoins
warning: PaperIV/OwnerCoins.lean:56:0: automatically included section variable(s) unused in theorem `PaperIV.OwnerCoins.ownerDist_nonneg`:
  [Fintype π]
consider restructuring your `variable` declarations so that the variables are not in scope or explicitly omit them:
  omit [Fintype π] in theorem ...

Note: This linter can be disabled with `set_option linter.unusedSectionVars false`
warning: PaperIV/OwnerCoins.lean:158:0: automatically included section variable(s) unused in theorem `PaperIV.OwnerCoins.cond_all_owned`:
  [Fintype ρ]
consider restructuring your `variable` declarations so that the variables are not in scope or explicitly omit them:
  omit [Fintype ρ] in theorem ...

Note: This linter can be disabled with `set_option linter.unusedSectionVars false`
⚠ [8223/8460] Replayed PaperIV.DegreeConcentration
warning: PaperIV/DegreeConcentration.lean:130:46: unused variable `hcard`

Note: This linter can be disabled with `set_option linter.unusedVariables false`
⚠ [8224/8460] Replayed PaperIV.CenteredMoments
warning: PaperIV/CenteredMoments.lean:50:0: automatically included section variable(s) unused in theorem `PaperIV.CenteredMoments.expect_affine`:
  [DecidableEq Ω]
consider restructuring your `variable` declarations so that the variables are not in scope or explicitly omit them:
  omit [DecidableEq Ω] in theorem ...

Note: This linter can be disabled with `set_option linter.unusedSectionVars false`
warning: PaperIV/CenteredMoments.lean:155:38: Used `tac1 <;> tac2` where `(tac1; tac2)` would suffice

Note: This linter can be disabled with `set_option linter.unnecessarySeqFocus false`
warning: PaperIV/CenteredMoments.lean:158:38: Used `tac1 <;> tac2` where `(tac1; tac2)` would suffice

Note: This linter can be disabled with `set_option linter.unnecessarySeqFocus false`
warning: PaperIV/CenteredMoments.lean:195:0: automatically included section variable(s) unused in theorem `PaperIV.CenteredMoments.block_indicator_mem`:
  [Fintype ρ]
  [DecidableEq ρ]
  [Fintype κ]
consider restructuring your `variable` declarations so that the variables are not in scope or explicitly omit them:
  omit [Fintype ρ] [DecidableEq ρ] [Fintype κ] in theorem ...

Note: This linter can be disabled with `set_option linter.unusedSectionVars false`
⚠ [8229/8460] Replayed PaperIV.TwoRegimeAccounting
warning: PaperIV/TwoRegimeAccounting.lean:72:0: automatically included section variable(s) unused in theorem `PaperIV.TwoRegimeAccounting.loss_le_two_regimes`:
  [Fintype V]
  [DecidableRel G.Adj]
consider restructuring your `variable` declarations so that the variables are not in scope or explicitly omit them:
  omit [Fintype V] [DecidableRel G.Adj] in theorem ...

Note: This linter can be disabled with `set_option linter.unusedSectionVars false`
warning: PaperIV/TwoRegimeAccounting.lean:72:39: unused variable `hβ`

Note: This linter can be disabled with `set_option linter.unusedVariables false`
warning: PaperIV/TwoRegimeAccounting.lean:126:0: automatically included section variable(s) unused in theorem `PaperIV.TwoRegimeAccounting.loss_eq_assignment_of_all_split`:
  [Fintype V]
  [DecidableRel G.Adj]
  [DecidableEq ι]
consider restructuring your `variable` declarations so that the variables are not in scope or explicitly omit them:
  omit [Fintype V] [DecidableRel G.Adj] [DecidableEq ι] in theorem ...

Note: This linter can be disabled with `set_option linter.unusedSectionVars false`
⚠ [8231/8460] Replayed PaperIV.NibblePort
warning: PaperIV/NibblePort.lean:153:0: automatically included section variable(s) unused in theorem `PaperIV.NibblePort.cliqueOf_pairs`:
  [Fintype V]
consider restructuring your `variable` declarations so that the variables are not in scope or explicitly omit them:
  omit [Fintype V] in theorem ...

Note: This linter can be disabled with `set_option linter.unusedSectionVars false`
ℹ [8240/8460] Replayed Nibble.FracNibbleSlack
info: Nibble/FracNibbleSlack.lean:579:0: 'Nibble.fracNibble_withSlack' depends on axioms: [propext, Classical.choice, Quot.sound]
ℹ [8241/8460] Replayed Nibble.FracNibbleSlackR
info: Nibble/FracNibbleSlackR.lean:642:0: 'Nibble.SlackR.fracNibbleR_withSlack' depends on axioms: [propext, Classical.choice, Quot.sound]
⚠ [8242/8460] Replayed Nibble.FracNibbleLE
warning: Nibble/FracNibbleLE.lean:153:0: automatically included section variable(s) unused in theorem `Nibble.LEUnif.padWtLE_nonneg`:
  [DecidableEq X]
consider restructuring your `variable` declarations so that the variables are not in scope or explicitly omit them:
  omit [DecidableEq X] in theorem ...

Note: This linter can be disabled with `set_option linter.unusedSectionVars false`
warning: Nibble/FracNibbleLE.lean:201:0: automatically included section variable(s) unused in theorem `Nibble.LEUnif.sum_over_i`:
  [DecidableEq X]
consider restructuring your `variable` declarations so that the variables are not in scope or explicitly omit them:
  omit [DecidableEq X] in theorem ...

Note: This linter can be disabled with `set_option linter.unusedSectionVars false`
info: Nibble/FracNibbleLE.lean:608:0: 'Nibble.fracNibble_leUniform' depends on axioms: [propext, Classical.choice, Quot.sound]
⚠ [8251/8460] Replayed PaperIV.MixedNibbleUnion
warning: PaperIV/MixedNibbleUnion.lean:26:0: automatically included section variable(s) unused in theorem `PaperIV.MixedNibbleUnion.pairs_ne_empty_of_isItem`:
  [DecidableRel G.Adj]
consider restructuring your `variable` declarations so that the variables are not in scope or explicitly omit them:
  omit [DecidableRel G.Adj] in theorem ...

Note: This linter can be disabled with `set_option linter.unusedSectionVars false`
⚠ [8252/8460] Replayed PaperIV.ResourceSizes
warning: PaperIV/ResourceSizes.lean:45:0: automatically included section variable(s) unused in theorem `PaperIV.ResourceSizes.singleton_pairwiseDisjoint`:
  [Fintype ρ]
  [DecidableEq ρ]
consider restructuring your `variable` declarations so that the variables are not in scope or explicitly omit them:
  omit [Fintype ρ] [DecidableEq ρ] in theorem ...

Note: This linter can be disabled with `set_option linter.unusedSectionVars false`
⚠ [8253/8460] Replayed PaperIV.WeightedCodegree
warning: PaperIV/WeightedCodegree.lean:158:0: automatically included section variable(s) unused in theorem `PaperIV.WeightedCodegree.index_unique`:
  [Fintype ι]
  [DecidableEq α]
consider restructuring your `variable` declarations so that the variables are not in scope or explicitly omit them:
  omit [Fintype ι] [DecidableEq α] in theorem ...

Note: This linter can be disabled with `set_option linter.unusedSectionVars false`
warning: PaperIV/WeightedCodegree.lean:165:0: automatically included section variable(s) unused in theorem `PaperIV.WeightedCodegree.three_le_card_union`:
  [Fintype ι]
consider restructuring your `variable` declarations so that the variables are not in scope or explicitly omit them:
  omit [Fintype ι] in theorem ...

Note: This linter can be disabled with `set_option linter.unusedSectionVars false`
warning: PaperIV/WeightedCodegree.lean:184:32: unused variable `ht`

Note: This linter can be disabled with `set_option linter.unusedVariables false`
⚠ [8254/8460] Replayed PaperIV.NibbleHypotheses
warning: PaperIV/NibbleHypotheses.lean:59:0: automatically included section variable(s) unused in theorem `PaperIV.NibbleHypotheses.load_eq`:
  [Fintype W]
consider restructuring your `variable` declarations so that the variables are not in scope or explicitly omit them:
  omit [Fintype W] in theorem ...

Note: This linter can be disabled with `set_option linter.unusedSectionVars false`
warning: PaperIV/NibbleHypotheses.lean:64:0: automatically included section variable(s) unused in theorem `PaperIV.NibbleHypotheses.codegree_eq`:
  [Fintype W]
consider restructuring your `variable` declarations so that the variables are not in scope or explicitly omit them:
  omit [Fintype W] in theorem ...

Note: This linter can be disabled with `set_option linter.unusedSectionVars false`
warning: PaperIV/NibbleHypotheses.lean:69:0: automatically included section variable(s) unused in theorem `PaperIV.NibbleHypotheses.total_eq`:
  [Fintype W]
  [DecidableEq W]
consider restructuring your `variable` declarations so that the variables are not in scope or explicitly omit them:
  omit [Fintype W] [DecidableEq W] in theorem ...

Note: This linter can be disabled with `set_option linter.unusedSectionVars false`
⚠ [8256/8460] Replayed PaperIV.JointTwoQuotaPhysical
warning: PaperIV/JointTwoQuotaPhysical.lean:50:0: automatically included section variable(s) unused in theorem `PaperIV.JointTwoQuotaPhysical.subset_of_pairs_subset`:
  [Fintype V]
consider restructuring your `variable` declarations so that the variables are not in scope or explicitly omit them:
  omit [Fintype V] in theorem ...

Note: This linter can be disabled with `set_option linter.unusedSectionVars false`
warning: PaperIV/JointTwoQuotaPhysical.lean:336:24: Used `tac1 <;> tac2` where `(tac1; tac2)` would suffice

Note: This linter can be disabled with `set_option linter.unnecessarySeqFocus false`
warning: PaperIV/JointTwoQuotaPhysical.lean:432:24: Used `tac1 <;> tac2` where `(tac1; tac2)` would suffice

Note: This linter can be disabled with `set_option linter.unnecessarySeqFocus false`
⚠ [8257/8460] Replayed PaperIV.RC01MarkedRounding
warning: PaperIV/RC01MarkedRounding.lean:106:17: unused variable `hn`

Note: This linter can be disabled with `set_option linter.unusedVariables false`
⚠ [8258/8460] Replayed PaperIV.Corollary73Assembly
warning: PaperIV/Corollary73Assembly.lean:76:33: unused variable `hn`

Note: This linter can be disabled with `set_option linter.unusedVariables false`
warning: PaperIV/Corollary73Assembly.lean:77:13: unused variable `hζ`

Note: This linter can be disabled with `set_option linter.unusedVariables false`
warning: PaperIV/Corollary73Assembly.lean:77:26: unused variable `hζ1`

Note: This linter can be disabled with `set_option linter.unusedVariables false`
⚠ [8261/8460] Replayed PaperIV.WeightedMoments
warning: PaperIV/WeightedMoments.lean:65:0: automatically included section variable(s) unused in theorem `PaperIV.WeightedMoments.coin_le_one`:
  [Fintype ρ]
  [DecidableEq ρ]
  [DecidableEq V]
consider restructuring your `variable` declarations so that the variables are not in scope or explicitly omit them:
  omit [Fintype ρ] [DecidableEq ρ] [DecidableEq V] in theorem ...

Note: This linter can be disabled with `set_option linter.unusedSectionVars false`
warning: PaperIV/WeightedMoments.lean:75:0: automatically included section variable(s) unused in theorem `PaperIV.WeightedMoments.blockWeight_nonneg`:
  [Fintype ρ]
  [DecidableEq ρ]
  [Fintype V]
  [DecidableEq V]
consider restructuring your `variable` declarations so that the variables are not in scope or explicitly omit them:
  omit [Fintype ρ] [DecidableEq ρ] [Fintype V] [DecidableEq V] in theorem ...

Note: This linter can be disabled with `set_option linter.unusedSectionVars false`
⚠ [8262/8460] Replayed PaperIV.WeightedPatternCoins
warning: PaperIV/WeightedPatternCoins.lean:37:0: automatically included section variable(s) unused in theorem `PaperIV.WeightedPatternCoins.patternCapacity_of_sum_mass_le`:
  [Fintype W]
  [DecidableEq W]
  [Fintype Pat]
  [DecidableEq Pat]
consider restructuring your `variable` declarations so that the variables are not in scope or explicitly omit them:
  omit [Fintype W] [DecidableEq W] [Fintype Pat] [DecidableEq Pat] in theorem ...

Note: This linter can be disabled with `set_option linter.unusedSectionVars false`
warning: PaperIV/WeightedPatternCoins.lean:46:0: automatically included section variable(s) unused in theorem `PaperIV.WeightedPatternCoins.patternCoin_nonneg`:
  [Fintype W]
  [DecidableEq W]
consider restructuring your `variable` declarations so that the variables are not in scope or explicitly omit them:
  omit [Fintype W] [DecidableEq W] in theorem ...

Note: This linter can be disabled with `set_option linter.unusedSectionVars false`
warning: PaperIV/WeightedPatternCoins.lean:57:0: automatically included section variable(s) unused in theorem `PaperIV.WeightedPatternCoins.patternCoin_sum`:
  [Fintype W]
  [DecidableEq W]
consider restructuring your `variable` declarations so that the variables are not in scope or explicitly omit them:
  omit [Fintype W] [DecidableEq W] in theorem ...

Note: This linter can be disabled with `set_option linter.unusedSectionVars false`
warning: PaperIV/WeightedPatternCoins.lean:73:8: automatically included section variable(s) unused in theorem `PaperIV.WeightedPatternCoins.patternCoin_some_of_mem`:
  [Fintype W]
  [DecidableEq W]
  [Fintype Pat]
consider restructuring your `variable` declarations so that the variables are not in scope or explicitly omit them:
  omit [Fintype W] [DecidableEq W] [Fintype Pat] in theorem ...

Note: This linter can be disabled with `set_option linter.unusedSectionVars false`
warning: PaperIV/WeightedPatternCoins.lean:79:8: automatically included section variable(s) unused in theorem `PaperIV.WeightedPatternCoins.patternCoin_some_of_not_mem`:
  [Fintype W]
  [DecidableEq W]
  [Fintype Pat]
consider restructuring your `variable` declarations so that the variables are not in scope or explicitly omit them:
  omit [Fintype W] [DecidableEq W] [Fintype Pat] in theorem ...

Note: This linter can be disabled with `set_option linter.unusedSectionVars false`
⚠ [8263/8460] Replayed PaperIV.RC01CanonicalNormalization
warning: PaperIV/RC01CanonicalNormalization.lean:36:0: automatically included section variable(s) unused in theorem `PaperIV.RC01CanonicalNormalization.normalizedCoefficient_nonneg`:
  [Fintype V]
  [DecidableEq V]
  [Fintype Pat]
  [DecidableEq Pat]
consider restructuring your `variable` declarations so that the variables are not in scope or explicitly omit them:
  omit [Fintype V] [DecidableEq V] [Fintype Pat] [DecidableEq Pat] in theorem ...

Note: This linter can be disabled with `set_option linter.unusedSectionVars false`
warning: PaperIV/RC01CanonicalNormalization.lean:58:8: automatically included section variable(s) unused in theorem `_private.PaperIV.RC01CanonicalNormalization.0.PaperIV.RC01CanonicalNormalization.sum_indicator_eq_of_subset`:
  [Fintype Pat]
consider restructuring your `variable` declarations so that the variables are not in scope or explicitly omit them:
  omit [Fintype Pat] in theorem ...

Note: This linter can be disabled with `set_option linter.unusedSectionVars false`
warning: PaperIV/RC01CanonicalNormalization.lean:72:0: automatically included section variable(s) unused in theorem `PaperIV.RC01CanonicalNormalization.normalized_load_le_one`:
  [Fintype V]
consider restructuring your `variable` declarations so that the variables are not in scope or explicitly omit them:
  omit [Fintype V] in theorem ...

Note: This linter can be disabled with `set_option linter.unusedSectionVars false`
warning: PaperIV/RC01CanonicalNormalization.lean:165:0: automatically included section variable(s) unused in theorem `PaperIV.RC01CanonicalNormalization.referenceCoefficient_nonneg`:
  [Fintype Pat]
  [DecidableEq Pat]
consider restructuring your `variable` declarations so that the variables are not in scope or explicitly omit them:
  omit [Fintype Pat] [DecidableEq Pat] in theorem ...

Note: This linter can be disabled with `set_option linter.unusedSectionVars false`
warning: PaperIV/RC01CanonicalNormalization.lean:170:0: automatically included section variable(s) unused in theorem `PaperIV.RC01CanonicalNormalization.reference_load_le_one`:
  [Fintype V]
consider restructuring your `variable` declarations so that the variables are not in scope or explicitly omit them:
  omit [Fintype V] in theorem ...

Note: This linter can be disabled with `set_option linter.unusedSectionVars false`
warning: PaperIV/RC01CanonicalNormalization.lean:290:0: automatically included section variable(s) unused in theorem `PaperIV.RC01CanonicalNormalization.budgetCoefficient_nonneg`:
  [Fintype Pat]
  [DecidableEq Pat]
consider restructuring your `variable` declarations so that the variables are not in scope or explicitly omit them:
  omit [Fintype Pat] [DecidableEq Pat] in theorem ...

Note: This linter can be disabled with `set_option linter.unusedSectionVars false`
warning: PaperIV/RC01CanonicalNormalization.lean:336:16: this tactic is never executed

Note: This linter can be disabled with `set_option linter.unreachableTactic false`
warning: PaperIV/RC01CanonicalNormalization.lean:336:16: 'ring' tactic does nothing

Note: This linter can be disabled with `set_option linter.unusedTactic false`
warning: PaperIV/RC01CanonicalNormalization.lean:340:0: automatically included section variable(s) unused in theorem `PaperIV.RC01CanonicalNormalization.budget_load_le_one`:
  [Fintype V]
consider restructuring your `variable` declarations so that the variables are not in scope or explicitly omit them:
  omit [Fintype V] in theorem ...

Note: This linter can be disabled with `set_option linter.unusedSectionVars false`
⚠ [8264/8460] Replayed PaperIV.RC01DeviationCleanup
warning: PaperIV/RC01DeviationCleanup.lean:32:0: automatically included section variable(s) unused in theorem `PaperIV.RC01DeviationCleanup.mem_deviationBad_iff`:
  [DecidableEq ρ]
consider restructuring your `variable` declarations so that the variables are not in scope or explicitly omit them:
  omit [DecidableEq ρ] in theorem ...

Note: This linter can be disabled with `set_option linter.unusedSectionVars false`
warning: PaperIV/RC01DeviationCleanup.lean:46:0: automatically included section variable(s) unused in theorem `PaperIV.RC01DeviationCleanup.abs_count_sub_le_of_notMem_deviationBad`:
  [DecidableEq ρ]
consider restructuring your `variable` declarations so that the variables are not in scope or explicitly omit them:
  omit [DecidableEq ρ] in theorem ...

Note: This linter can be disabled with `set_option linter.unusedSectionVars false`
⚠ [8268/8460] Replayed PaperIV.SpreadPacking
warning: PaperIV/SpreadPacking.lean:88:0: automatically included section variable(s) unused in theorem `PaperIV.SpreadPacking.spreadWeight_nonneg`:
  [Fintype P]
consider restructuring your `variable` declarations so that the variables are not in scope or explicitly omit them:
  omit [Fintype P] in theorem ...

Note: This linter can be disabled with `set_option linter.unusedSectionVars false`
warning: PaperIV/SpreadPacking.lean:100:0: automatically included section variable(s) unused in theorem `PaperIV.SpreadPacking.load_eq_sum_over_patterns`:
  [Fintype P]
consider restructuring your `variable` declarations so that the variables are not in scope or explicitly omit them:
  omit [Fintype P] in theorem ...

Note: This linter can be disabled with `set_option linter.unusedSectionVars false`
⚠ [8269/8460] Replayed PaperIV.RC01CanonicalSlackBridge
warning: PaperIV/RC01CanonicalSlackBridge.lean:137:8: this tactic is never executed

Note: This linter can be disabled with `set_option linter.unreachableTactic false`
warning: PaperIV/RC01CanonicalSlackBridge.lean:137:8: 'ring' tactic does nothing

Note: This linter can be disabled with `set_option linter.unusedTactic false`
⚠ [8270/8460] Replayed PaperIV.RC01CleanedSpreadPacking
warning: PaperIV/RC01CleanedSpreadPacking.lean:33:0: automatically included section variable(s) unused in theorem `PaperIV.RC01CleanedSpreadPacking.activeServing_subset`:
  [Fintype V]
  [DecidableEq V]
consider restructuring your `variable` declarations so that the variables are not in scope or explicitly omit them:
  omit [Fintype V] [DecidableEq V] in theorem ...

Note: This linter can be disabled with `set_option linter.unusedSectionVars false`
⚠ [8271/8460] Replayed PaperIV.RC01CleanFiber
warning: PaperIV/RC01CleanFiber.lean:218:0: automatically included section variable(s) unused in theorem `PaperIV.RC01CleanFiber.serving_of_mem_profileFiber`:
  [Nonempty V]
consider restructuring your `variable` declarations so that the variables are not in scope or explicitly omit them:
  omit [Nonempty V] in theorem ...

Note: This linter can be disabled with `set_option linter.unusedSectionVars false`
⚠ [8272/8460] Replayed PaperIV.RC01CleanedMixedCodegree
warning: PaperIV/RC01CleanedMixedCodegree.lean:93:0: automatically included section variable(s) unused in theorem `PaperIV.RC01CleanedMixedCodegree.card_two_resources_le_one`:
  [Nonempty V]
consider restructuring your `variable` declarations so that the variables are not in scope or explicitly omit them:
  omit [Nonempty V] in theorem ...

Note: This linter can be disabled with `set_option linter.unusedSectionVars false`
warning: PaperIV/RC01CleanedMixedCodegree.lean:125:4: try 'simp' instead of 'simpa'

Note: This linter can be disabled with `set_option linter.unnecessarySimpa false`
warning: PaperIV/RC01CleanedMixedCodegree.lean:115:0: automatically included section variable(s) unused in theorem `PaperIV.RC01CleanedMixedCodegree.card_two_resources_le_t`:
  [Nonempty V]
  [Fintype P]
consider restructuring your `variable` declarations so that the variables are not in scope or explicitly omit them:
  omit [Nonempty V] [Fintype P] in theorem ...

Note: This linter can be disabled with `set_option linter.unusedSectionVars false`
⚠ [8273/8460] Replayed PaperIV.RC01PatternMassScale
warning: PaperIV/RC01PatternMassScale.lean:24:0: automatically included section variable(s) unused in theorem `PaperIV.RC01PatternMassScale.card_crossEdges_le_mul_classCards`:
  [Fintype P]
consider restructuring your `variable` declarations so that the variables are not in scope or explicitly omit them:
  omit [Fintype P] in theorem ...

Note: This linter can be disabled with `set_option linter.unusedSectionVars false`
⚠ [8275/8460] Replayed PaperIV.CleanedTriangleMass
warning: PaperIV/CleanedTriangleMass.lean:68:0: automatically included section variable(s) unused in theorem `PaperIV.CleanedTriangleMass.canonicalWeight_cardMass_eq`:
  [Fintype Pat]
  [DecidableEq Pat]
consider restructuring your `variable` declarations so that the variables are not in scope or explicitly omit them:
  omit [Fintype Pat] [DecidableEq Pat] in theorem ...

Note: This linter can be disabled with `set_option linter.unusedSectionVars false`
⚠ [8276/8460] Replayed PaperIV.DiscardCounts
warning: PaperIV/DiscardCounts.lean:78:0: automatically included section variable(s) unused in theorem `PaperIV.DiscardCounts.card_interedges_le_of_density`:
  [DecidableEq α]
  [Fintype α]
consider restructuring your `variable` declarations so that the variables are not in scope or explicitly omit them:
  omit [DecidableEq α] [Fintype α] in theorem ...

Note: This linter can be disabled with `set_option linter.unusedSectionVars false`
warning: PaperIV/DiscardCounts.lean:89:0: automatically included section variable(s) unused in theorem `PaperIV.DiscardCounts.card_biUnion_pairs_le`:
  [Fintype α]
consider restructuring your `variable` declarations so that the variables are not in scope or explicitly omit them:
  omit [Fintype α] in theorem ...

Note: This linter can be disabled with `set_option linter.unusedSectionVars false`
⚠ [8277/8460] Replayed PaperIV.F4EditRobustness
warning: PaperIV/F4EditRobustness.lean:19:0: automatically included section variable(s) unused in theorem `PaperIV.F4EditRobustness.isItem_mono`:
  [Fintype V]
  [DecidableEq V]
  [DecidableRel G.Adj]
  [DecidableRel H.Adj]
consider restructuring your `variable` declarations so that the variables are not in scope or explicitly omit them:
  omit [Fintype V] [DecidableEq V] [DecidableRel G.Adj] [DecidableRel H.Adj] in theorem ...

Note: This linter can be disabled with `set_option linter.unusedSectionVars false`
warning: PaperIV/F4EditRobustness.lean:117:38: unused variable `hGH`

Note: This linter can be disabled with `set_option linter.unusedVariables false`
warning: PaperIV/F4EditRobustness.lean:133:0: automatically included section variable(s) unused in theorem `PaperIV.F4EditRobustness.gainF_nonneg_real`:
  [Fintype V]
  [DecidableEq V]
  [DecidableRel H.Adj]
consider restructuring your `variable` declarations so that the variables are not in scope or explicitly omit them:
  omit [Fintype V] [DecidableEq V] [DecidableRel H.Adj] in theorem ...

Note: This linter can be disabled with `set_option linter.unusedSectionVars false`
warning: PaperIV/F4EditRobustness.lean:143:0: automatically included section variable(s) unused in theorem `PaperIV.F4EditRobustness.gainF_le_five_real`:
  [Fintype V]
  [DecidableEq V]
  [DecidableRel H.Adj]
consider restructuring your `variable` declarations so that the variables are not in scope or explicitly omit them:
  omit [Fintype V] [DecidableEq V] [DecidableRel H.Adj] in theorem ...

Note: This linter can be disabled with `set_option linter.unusedSectionVars false`
⚠ [8278/8460] Replayed PaperIV.SplitLPToPhysicalLoads
warning: PaperIV/SplitLPToPhysicalLoads.lean:58:4: 'push_cast' tactic does nothing

Note: This linter can be disabled with `set_option linter.unusedTactic false`
⚠ [8279/8460] Replayed PaperIV.SplitCanonicalWeight
warning: PaperIV/SplitCanonicalWeight.lean:27:29: unused variable `hd`

Note: This linter can be disabled with `set_option linter.unusedVariables false`
⚠ [8281/8460] Replayed PaperIV.SplitCanonicalValue
warning: PaperIV/SplitCanonicalValue.lean:24:0: automatically included section variable(s) unused in theorem `PaperIV.SplitCanonicalValue.gainF_famK3`:
  [Fintype V]
consider restructuring your `variable` declarations so that the variables are not in scope or explicitly omit them:
  omit [Fintype V] in theorem ...

Note: This linter can be disabled with `set_option linter.unusedSectionVars false`
warning: PaperIV/SplitCanonicalValue.lean:30:0: automatically included section variable(s) unused in theorem `PaperIV.SplitCanonicalValue.gainF_famK4`:
  [Fintype V]
consider restructuring your `variable` declarations so that the variables are not in scope or explicitly omit them:
  omit [Fintype V] in theorem ...

Note: This linter can be disabled with `set_option linter.unusedSectionVars false`
warning: PaperIV/SplitCanonicalValue.lean:37:0: automatically included section variable(s) unused in theorem `PaperIV.SplitCanonicalValue.gainF_famK4core`:
  [Fintype V]
consider restructuring your `variable` declarations so that the variables are not in scope or explicitly omit them:
  omit [Fintype V] in theorem ...

Note: This linter can be disabled with `set_option linter.unusedSectionVars false`
⚠ [8282/8460] Replayed PaperIV.SplitFarRounding
warning: PaperIV/SplitFarRounding.lean:54:0: automatically included section variable(s) unused in theorem `PaperIV.SplitFarRounding.splitWeight_nonneg`:
  [Fintype V]
consider restructuring your `variable` declarations so that the variables are not in scope or explicitly omit them:
  omit [Fintype V] in theorem ...

Note: This linter can be disabled with `set_option linter.unusedSectionVars false`
warning: PaperIV/SplitFarRounding.lean:185:0: automatically included section variable(s) unused in theorem `PaperIV.SplitFarRounding.splitWeight_coreOnly_nonneg`:
  [Fintype V]
consider restructuring your `variable` declarations so that the variables are not in scope or explicitly omit them:
  omit [Fintype V] in theorem ...

Note: This linter can be disabled with `set_option linter.unusedSectionVars false`
⚠ [8285/8460] Replayed PaperIV.SplitTriangleFactor
warning: PaperIV/SplitTriangleFactor.lean:75:0: automatically included section variable(s) unused in theorem `PaperIV.SplitTriangleFactor.SplitFactorLabelling.cv_mem`:
  [Fintype V]
  [DecidableEq H]
consider restructuring your `variable` declarations so that the variables are not in scope or explicitly omit them:
  omit [Fintype V] [DecidableEq H] in theorem ...

Note: This linter can be disabled with `set_option linter.unusedSectionVars false`
warning: PaperIV/SplitTriangleFactor.lean:78:0: automatically included section variable(s) unused in theorem `PaperIV.SplitTriangleFactor.SplitFactorLabelling.hv_mem`:
  [Fintype V]
  [DecidableEq H]
consider restructuring your `variable` declarations so that the variables are not in scope or explicitly omit them:
  omit [Fintype V] [DecidableEq H] in theorem ...

Note: This linter can be disabled with `set_option linter.unusedSectionVars false`
warning: PaperIV/SplitTriangleFactor.lean:100:8: automatically included section variable(s) unused in theorem `PaperIV.SplitTriangleFactor.hubOf_apply`:
  [Fintype V]
  [DecidableEq V]
  [Fintype H]
  [DecidableEq H]
consider restructuring your `variable` declarations so that the variables are not in scope or explicitly omit them:
  omit [Fintype V] [DecidableEq V] [Fintype H] [DecidableEq H] in theorem ...

Note: This linter can be disabled with `set_option linter.unusedSectionVars false`
warning: PaperIV/SplitTriangleFactor.lean:102:0: automatically included section variable(s) unused in theorem `PaperIV.SplitTriangleFactor.baseOf_toFinset`:
  [Fintype V]
  [Fintype H]
  [DecidableEq H]
consider restructuring your `variable` declarations so that the variables are not in scope or explicitly omit them:
  omit [Fintype V] [Fintype H] [DecidableEq H] in theorem ...

Note: This linter can be disabled with `set_option linter.unusedSectionVars false`
warning: PaperIV/SplitTriangleFactor.lean:141:0: automatically included section variable(s) unused in theorem `PaperIV.SplitTriangleFactor.SplitFactorLabelling.image_pair_disjoint`:
  [Fintype V]
  [DecidableEq H]
consider restructuring your `variable` declarations so that the variables are not in scope or explicitly omit them:
  omit [Fintype V] [DecidableEq H] in theorem ...

Note: This linter can be disabled with `set_option linter.unusedSectionVars false`
warning: PaperIV/SplitTriangleFactor.lean:145:0: automatically included section variable(s) unused in theorem `PaperIV.SplitTriangleFactor.SplitFactorLabelling.image_pair_inter_card_le_one`:
  [Fintype V]
  [DecidableEq H]
consider restructuring your `variable` declarations so that the variables are not in scope or explicitly omit them:
  omit [Fintype V] [DecidableEq H] in theorem ...

Note: This linter can be disabled with `set_option linter.unusedSectionVars false`
warning: PaperIV/SplitTriangleFactor.lean:235:33: unused variable `s`

Note: This linter can be disabled with `set_option linter.unusedVariables false`
warning: PaperIV/SplitTriangleFactor.lean:240:0: automatically included section variable(s) unused in theorem `PaperIV.SplitTriangleFactor.SplitFactorLabelling.k3Indices_eq_univ`:
  [Fintype V]
  [DecidableEq V]
  [DecidableEq H]
consider restructuring your `variable` declarations so that the variables are not in scope or explicitly omit them:
  omit [Fintype V] [DecidableEq V] [DecidableEq H] in theorem ...

Note: This linter can be disabled with `set_option linter.unusedSectionVars false`
warning: PaperIV/SplitTriangleFactor.lean:245:0: automatically included section variable(s) unused in theorem `PaperIV.SplitTriangleFactor.SplitFactorLabelling.k4Indices_eq_empty`:
  [Fintype V]
  [DecidableEq V]
  [DecidableEq H]
consider restructuring your `variable` declarations so that the variables are not in scope or explicitly omit them:
  omit [Fintype V] [DecidableEq V] [DecidableEq H] in theorem ...

Note: This linter can be disabled with `set_option linter.unusedSectionVars false`
warning: PaperIV/SplitTriangleFactor.lean:345:0: automatically included section variable(s) unused in theorem `PaperIV.SplitTriangleFactor.exists_splitFactorLabelling`:
  [Fintype V]
consider restructuring your `variable` declarations so that the variables are not in scope or explicitly omit them:
  omit [Fintype V] in theorem ...

Note: This linter can be disabled with `set_option linter.unusedSectionVars false`
⚠ [8286/8460] Replayed PaperIV.SplitPackingObstruction
warning: PaperIV/SplitPackingObstruction.lean:36:0: automatically included section variable(s) unused in theorem `PaperIV.SplitPackingObstruction.subset_core_union_hosts`:
  [Fintype V]
consider restructuring your `variable` declarations so that the variables are not in scope or explicitly omit them:
  omit [Fintype V] in theorem ...

Note: This linter can be disabled with `set_option linter.unusedSectionVars false`
warning: PaperIV/SplitPackingObstruction.lean:54:0: automatically included section variable(s) unused in theorem `PaperIV.SplitPackingObstruction.card_inter_hosts_le_one`:
  [Fintype V]
consider restructuring your `variable` declarations so that the variables are not in scope or explicitly omit them:
  omit [Fintype V] in theorem ...

Note: This linter can be disabled with `set_option linter.unusedSectionVars false`
warning: PaperIV/SplitPackingObstruction.lean:177:0: automatically included section variable(s) unused in theorem `PaperIV.SplitPackingObstruction.filter_coveredEdges`:
  [Fintype V]
consider restructuring your `variable` declarations so that the variables are not in scope or explicitly omit them:
  omit [Fintype V] in theorem ...

Note: This linter can be disabled with `set_option linter.unusedSectionVars false`
⚠ [8289/8460] Replayed PaperIV.SplitComparatorResidual
warning: PaperIV/SplitComparatorResidual.lean:36:5: unused variable `hab`

Note: This linter can be disabled with `set_option linter.unusedVariables false`
warning: PaperIV/SplitComparatorResidual.lean:36:19: unused variable `hba`

Note: This linter can be disabled with `set_option linter.unusedVariables false`
⚠ [8295/8460] Replayed PaperIV.NearH1PromotionAccounts
warning: PaperIV/NearH1PromotionAccounts.lean:19:0: automatically included section variable(s) unused in theorem `PaperIV.NearH1PromotionAccounts.notMem_of_notMem_of_subset`:
  [Fintype V]
  [DecidableEq V]
consider restructuring your `variable` declarations so that the variables are not in scope or explicitly omit them:
  omit [Fintype V] [DecidableEq V] in theorem ...

Note: This linter can be disabled with `set_option linter.unusedSectionVars false`
warning: PaperIV/NearH1PromotionAccounts.lean:32:13: unused variable `hx`

Note: This linter can be disabled with `set_option linter.unusedVariables false`
⚠ [8297/8460] Replayed PaperIV.RootRegularizationBridge
warning: PaperIV/RootRegularizationBridge.lean:46:0: automatically included section variable(s) unused in theorem `PaperIV.RootRegularizationBridge.outsideGraph_eq`:
  [Fintype V]
  [DecidableEq V]
consider restructuring your `variable` declarations so that the variables are not in scope or explicitly omit them:
  omit [Fintype V] [DecidableEq V] in theorem ...

Note: This linter can be disabled with `set_option linter.unusedSectionVars false`
warning: PaperIV/RootRegularizationBridge.lean:49:0: automatically included section variable(s) unused in theorem `PaperIV.RootRegularizationBridge.paddedPaletteSize_eq`:
  [DecidableEq V]
consider restructuring your `variable` declarations so that the variables are not in scope or explicitly omit them:
  omit [DecidableEq V] in theorem ...

Note: This linter can be disabled with `set_option linter.unusedSectionVars false`
⚠ [8299/8460] Replayed PaperIV.RD09PaddedHostBase
warning: PaperIV/RD09PaddedHostBase.lean:140:0: automatically included section variable(s) unused in theorem `PaperIV.RD09PaddedHostBase.mem_paddedHostBase`:
  [Fintype V]
  [DecidableEq I]
consider restructuring your `variable` declarations so that the variables are not in scope or explicitly omit them:
  omit [Fintype V] [DecidableEq I] in theorem ...

Note: This linter can be disabled with `set_option linter.unusedSectionVars false`
warning: PaperIV/RD09PaddedHostBase.lean:146:0: automatically included section variable(s) unused in theorem `PaperIV.RD09PaddedHostBase.card_paddedHostBase`:
  [Fintype V]
  [DecidableEq I]
consider restructuring your `variable` declarations so that the variables are not in scope or explicitly omit them:
  omit [Fintype V] [DecidableEq I] in theorem ...

Note: This linter can be disabled with `set_option linter.unusedSectionVars false`
warning: PaperIV/RD09PaddedHostBase.lean:177:0: automatically included section variable(s) unused in theorem `PaperIV.RD09PaddedHostBase.compatiblePaddedHostBase_subset`:
  [DecidableEq I]
consider restructuring your `variable` declarations so that the variables are not in scope or explicitly omit them:
  omit [DecidableEq I] in theorem ...

Note: This linter can be disabled with `set_option linter.unusedSectionVars false`
warning: PaperIV/RD09PaddedHostBase.lean:181:0: automatically included section variable(s) unused in theorem `PaperIV.RD09PaddedHostBase.card_compatiblePaddedHostBase_add_incompat`:
  [DecidableEq I]
consider restructuring your `variable` declarations so that the variables are not in scope or explicitly omit them:
  omit [DecidableEq I] in theorem ...

Note: This linter can be disabled with `set_option linter.unusedSectionVars false`
warning: PaperIV/RD09PaddedHostBase.lean:200:0: automatically included section variable(s) unused in theorem `PaperIV.RD09PaddedHostBase.isLiteralMatching_paddedHostBase`:
  [Fintype V]
  [DecidableEq I]
consider restructuring your `variable` declarations so that the variables are not in scope or explicitly omit them:
  omit [Fintype V] [DecidableEq I] in theorem ...

Note: This linter can be disabled with `set_option linter.unusedSectionVars false`
warning: PaperIV/RD09PaddedHostBase.lean:208:0: automatically included section variable(s) unused in theorem `PaperIV.RD09PaddedHostBase.disjoint_paddedHostBase`:
  [Fintype V]
  [DecidableEq I]
consider restructuring your `variable` declarations so that the variables are not in scope or explicitly omit them:
  omit [Fintype V] [DecidableEq I] in theorem ...

Note: This linter can be disabled with `set_option linter.unusedSectionVars false`
⚠ [8300/8460] Replayed PaperIV.RD09PaddedL1Adapter
warning: PaperIV/RD09PaddedL1Adapter.lean:30:0: automatically included section variable(s) unused in theorem `PaperIV.RD09PaddedL1Adapter.paddedIncompatCount_eq_card_badCoreEdges`:
  [DecidableEq I]
consider restructuring your `variable` declarations so that the variables are not in scope or explicitly omit them:
  omit [DecidableEq I] in theorem ...

Note: This linter can be disabled with `set_option linter.unusedSectionVars false`
⚠ [8302/8460] Replayed PaperIV.RD09RootExteriorAdapter
warning: PaperIV/RD09RootExteriorAdapter.lean:40:8: automatically included section variable(s) unused in theorem `PaperIV.RD09RootExteriorAdapter.exteriorGraph_adj`:
  [DecidableRel G.Adj]
consider restructuring your `variable` declarations so that the variables are not in scope or explicitly omit them:
  omit [DecidableRel G.Adj] in theorem ...

Note: This linter can be disabled with `set_option linter.unusedSectionVars false`
warning: PaperIV/RD09RootExteriorAdapter.lean:49:0: automatically included section variable(s) unused in theorem `PaperIV.RD09RootExteriorAdapter.exteriorEmbedding_hom`:
  [DecidableRel G.Adj]
consider restructuring your `variable` declarations so that the variables are not in scope or explicitly omit them:
  omit [DecidableRel G.Adj] in theorem ...

Note: This linter can be disabled with `set_option linter.unusedSectionVars false`
warning: PaperIV/RD09RootExteriorAdapter.lean:54:0: automatically included section variable(s) unused in theorem `PaperIV.RD09RootExteriorAdapter.exteriorEmbedding_reflect`:
  [DecidableRel G.Adj]
consider restructuring your `variable` declarations so that the variables are not in scope or explicitly omit them:
  omit [DecidableRel G.Adj] in theorem ...

Note: This linter can be disabled with `set_option linter.unusedSectionVars false`
warning: PaperIV/RD09RootExteriorAdapter.lean:133:0: automatically included section variable(s) unused in theorem `PaperIV.RD09RootExteriorAdapter.cliqueNum_exteriorGraph_le`:
  [DecidableRel G.Adj]
consider restructuring your `variable` declarations so that the variables are not in scope or explicitly omit them:
  omit [DecidableRel G.Adj] in theorem ...

Note: This linter can be disabled with `set_option linter.unusedSectionVars false`
warning: PaperIV/RD09RootExteriorAdapter.lean:161:8: automatically included section variable(s) unused in theorem `PaperIV.RD09RootExteriorAdapter.rootVertex_mem`:
  [Fintype V]
  [DecidableEq V]
  [Fintype I]
  [DecidableEq I]
consider restructuring your `variable` declarations so that the variables are not in scope or explicitly omit them:
  omit [Fintype V] [DecidableEq V] [Fintype I] [DecidableEq I] in theorem ...

Note: This linter can be disabled with `set_option linter.unusedSectionVars false`
warning: PaperIV/RD09RootExteriorAdapter.lean:165:0: automatically included section variable(s) unused in theorem `PaperIV.RD09RootExteriorAdapter.rootVertex_injective`:
  [Fintype V]
  [DecidableEq V]
  [Fintype I]
  [DecidableEq I]
consider restructuring your `variable` declarations so that the variables are not in scope or explicitly omit them:
  omit [Fintype V] [DecidableEq V] [Fintype I] [DecidableEq I] in theorem ...

Note: This linter can be disabled with `set_option linter.unusedSectionVars false`
warning: PaperIV/RD09RootExteriorAdapter.lean:182:8: automatically included section variable(s) unused in theorem `PaperIV.RD09RootExteriorAdapter.card_RootIndex`:
  [Fintype V]
  [DecidableEq V]
consider restructuring your `variable` declarations so that the variables are not in scope or explicitly omit them:
  omit [Fintype V] [DecidableEq V] in theorem ...

Note: This linter can be disabled with `set_option linter.unusedSectionVars false`
warning: PaperIV/RD09RootExteriorAdapter.lean:243:0: automatically included section variable(s) unused in theorem `PaperIV.RD09RootExteriorAdapter.compatiblePaddedHostBase_subset_outsideEdges`:
  [Nonempty I]
  [Group I]
consider restructuring your `variable` declarations so that the variables are not in scope or explicitly omit them:
  omit [Nonempty I] [Group I] in theorem ...

Note: This linter can be disabled with `set_option linter.unusedSectionVars false`
⚠ [8308/8460] Replayed PaperIV.RD09FactorCandidateAverage
warning: PaperIV/RD09FactorCandidateAverage.lean:334:0: automatically included section variable(s) unused in theorem `PaperIV.RD09FactorCandidateAverage.mem_failedBases`:
  [Fintype Cand]
  [DecidableEq Z]
consider restructuring your `variable` declarations so that the variables are not in scope or explicitly omit them:
  omit [Fintype Cand] [DecidableEq Z] in theorem ...

Note: This linter can be disabled with `set_option linter.unusedSectionVars false`
warning: PaperIV/RD09FactorCandidateAverage.lean:340:0: automatically included section variable(s) unused in theorem `PaperIV.RD09FactorCandidateAverage.sum_card_failedBases`:
  [DecidableEq Z]
consider restructuring your `variable` declarations so that the variables are not in scope or explicitly omit them:
  omit [DecidableEq Z] in theorem ...

Note: This linter can be disabled with `set_option linter.unusedSectionVars false`
warning: PaperIV/RD09FactorCandidateAverage.lean:369:0: automatically included section variable(s) unused in theorem `PaperIV.RD09FactorCandidateAverage.card_assign_pos`:
  [DecidableEq Cand]
consider restructuring your `variable` declarations so that the variables are not in scope or explicitly omit them:
  omit [DecidableEq Cand] in theorem ...

Note: This linter can be disabled with `set_option linter.unusedSectionVars false`
warning: PaperIV/RD09FactorCandidateAverage.lean:481:29: this tactic is never executed

Note: This linter can be disabled with `set_option linter.unreachableTactic false`
warning: PaperIV/RD09FactorCandidateAverage.lean:481:29: 'ring' tactic does nothing

Note: This linter can be disabled with `set_option linter.unusedTactic false`
warning: PaperIV/RD09FactorCandidateAverage.lean:535:0: automatically included section variable(s) unused in theorem `PaperIV.RD09FactorCandidateAverage.mem_survivingBases`:
  [Fintype Cand]
consider restructuring your `variable` declarations so that the variables are not in scope or explicitly omit them:
  omit [Fintype Cand] in theorem ...

Note: This linter can be disabled with `set_option linter.unusedSectionVars false`
warning: PaperIV/RD09FactorCandidateAverage.lean:561:8: automatically included section variable(s) unused in theorem `PaperIV.RD09FactorCandidateAverage.survivingHub_apply`:
  [Fintype Cand]
  [Fintype V]
  [DecidableEq V]
consider restructuring your `variable` declarations so that the variables are not in scope or explicitly omit them:
  omit [Fintype Cand] [Fintype V] [DecidableEq V] in theorem ...

Note: This linter can be disabled with `set_option linter.unusedSectionVars false`
warning: PaperIV/RD09FactorCandidateAverage.lean:564:8: automatically included section variable(s) unused in theorem `PaperIV.RD09FactorCandidateAverage.survivingBaseEdge_apply`:
  [Fintype Cand]
  [Fintype V]
  [DecidableEq V]
consider restructuring your `variable` declarations so that the variables are not in scope or explicitly omit them:
  omit [Fintype Cand] [Fintype V] [DecidableEq V] in theorem ...

Note: This linter can be disabled with `set_option linter.unusedSectionVars false`
warning: PaperIV/RD09FactorCandidateAverage.lean:572:0: automatically included section variable(s) unused in theorem `PaperIV.RD09FactorCandidateAverage.mem_survivingPiece`:
  [Fintype Cand]
  [Fintype V]
consider restructuring your `variable` declarations so that the variables are not in scope or explicitly omit them:
  omit [Fintype Cand] [Fintype V] in theorem ...

Note: This linter can be disabled with `set_option linter.unusedSectionVars false`
warning: PaperIV/RD09FactorCandidateAverage.lean:578:0: automatically included section variable(s) unused in theorem `PaperIV.RD09FactorCandidateAverage.eq_of_two_common`:
  [DecidableEq Z]
consider restructuring your `variable` declarations so that the variables are not in scope or explicitly omit them:
  omit [DecidableEq Z] in theorem ...

Note: This linter can be disabled with `set_option linter.unusedSectionVars false`
warning: PaperIV/RD09FactorCandidateAverage.lean:710:0: automatically included section variable(s) unused in theorem `PaperIV.RD09FactorCandidateAverage.isPhaseISeparated_usedBases`:
  [Fintype Cand]
  [DecidableEq Cand]
  [DecidableEq Z]
  [Fintype V]
  [DecidableEq I]
consider restructuring your `variable` declarations so that the variables are not in scope or explicitly omit them:
  omit [Fintype Cand] [DecidableEq Cand] [DecidableEq Z] [Fintype V] [DecidableEq I] in theorem ...

Note: This linter can be disabled with `set_option linter.unusedSectionVars false`
warning: PaperIV/RD09FactorCandidateAverage.lean:725:0: automatically included section variable(s) unused in theorem `PaperIV.RD09FactorCandidateAverage.isPhaseCompatible_surviving`:
  [Fintype I]
  [DecidableEq I]
consider restructuring your `variable` declarations so that the variables are not in scope or explicitly omit them:
  omit [Fintype I] [DecidableEq I] in theorem ...

Note: This linter can be disabled with `set_option linter.unusedSectionVars false`
⚠ [8309/8460] Replayed PaperIV.RD09SpokeCompatibility
warning: PaperIV/RD09SpokeCompatibility.lean:181:0: automatically included section variable(s) unused in theorem `PaperIV.RD09SpokeCompatibility.IsSpokeCompatible.completion_card_le_paid`:
  [DecidableEq J]
consider restructuring your `variable` declarations so that the variables are not in scope or explicitly omit them:
  omit [DecidableEq J] in theorem ...

Note: This linter can be disabled with `set_option linter.unusedSectionVars false`
⚠ [8310/8460] Replayed PaperIV.RD09H1SpokeRealization
warning: PaperIV/RD09H1SpokeRealization.lean:37:8: automatically included section variable(s) unused in theorem `PaperIV.RD09H1SpokeRealization.mem_canonicalBad`:
  [Fintype V]
  [DecidableEq I]
  [Fintype Z]
  [DecidableEq Z]
  [LinearOrder Z]
  [DecidableEq Cand]
consider restructuring your `variable` declarations so that the variables are not in scope or explicitly omit them:
  omit [Fintype V] [DecidableEq I] [Fintype Z] [DecidableEq Z] [LinearOrder Z] [DecidableEq Cand] in theorem ...

Note: This linter can be disabled with `set_option linter.unusedSectionVars false`
warning: PaperIV/RD09H1SpokeRealization.lean:140:0: automatically included section variable(s) unused in theorem `PaperIV.RD09H1SpokeRealization.card_surviving_empty_add_card_failed`:
  [Fintype Cand]
consider restructuring your `variable` declarations so that the variables are not in scope or explicitly omit them:
  omit [Fintype Cand] in theorem ...

Note: This linter can be disabled with `set_option linter.unusedSectionVars false`
warning: PaperIV/RD09H1SpokeRealization.lean:154:0: automatically included section variable(s) unused in theorem `PaperIV.RD09H1SpokeRealization.card_failedEdgePieces`:
  [Fintype V]
consider restructuring your `variable` declarations so that the variables are not in scope or explicitly omit them:
  omit [Fintype V] in theorem ...

Note: This linter can be disabled with `set_option linter.unusedSectionVars false`
warning: PaperIV/RD09H1SpokeRealization.lean:185:0: automatically included section variable(s) unused in theorem `PaperIV.RD09H1SpokeRealization.totalGain_eq_two_mul_card_of_triangles`:
  [Fintype V]
  [DecidableEq V]
consider restructuring your `variable` declarations so that the variables are not in scope or explicitly omit them:
  omit [Fintype V] [DecidableEq V] in theorem ...

Note: This linter can be disabled with `set_option linter.unusedSectionVars false`
⚠ [8311/8460] Replayed PaperIV.RD09CanonicalBadAccounts
warning: PaperIV/RD09CanonicalBadAccounts.lean:38:8: automatically included section variable(s) unused in theorem `PaperIV.RD09CanonicalBadAccounts.mem_missingCandidates`:
  [Fintype V]
  [DecidableEq V]
  [Fintype Z]
  [DecidableEq Z]
  [DecidableEq Cand]
consider restructuring your `variable` declarations so that the variables are not in scope or explicitly omit them:
  omit [Fintype V] [DecidableEq V] [Fintype Z] [DecidableEq Z] [DecidableEq Cand] in theorem ...

Note: This linter can be disabled with `set_option linter.unusedSectionVars false`
warning: PaperIV/RD09CanonicalBadAccounts.lean:43:8: automatically included section variable(s) unused in theorem `PaperIV.RD09CanonicalBadAccounts.mem_usedCandidates`:
  [Fintype V]
  [Fintype I]
  [DecidableEq I]
  [Fintype Z]
  [DecidableEq Z]
  [DecidableEq Cand]
consider restructuring your `variable` declarations so that the variables are not in scope or explicitly omit them:
  omit [Fintype V] [Fintype I] [DecidableEq I] [Fintype Z] [DecidableEq Z] [DecidableEq Cand] in theorem ...

Note: This linter can be disabled with `set_option linter.unusedSectionVars false`
warning: PaperIV/RD09CanonicalBadAccounts.lean:69:8: try 'simp' instead of 'simpa'

Note: This linter can be disabled with `set_option linter.unnecessarySimpa false`
warning: PaperIV/RD09CanonicalBadAccounts.lean:76:8: try 'simp' instead of 'simpa'

Note: This linter can be disabled with `set_option linter.unnecessarySimpa false`
warning: PaperIV/RD09CanonicalBadAccounts.lean:107:0: automatically included section variable(s) unused in theorem `PaperIV.RD09CanonicalBadAccounts.card_usedCandidates_le_two_mul`:
  [Fintype I]
  [DecidableEq I]
  [Fintype Z]
  [DecidableEq Z]
consider restructuring your `variable` declarations so that the variables are not in scope or explicitly omit them:
  omit [Fintype I] [DecidableEq I] [Fintype Z] [DecidableEq Z] in theorem ...

Note: This linter can be disabled with `set_option linter.unusedSectionVars false`
⚠ [8314/8460] Replayed PaperIV.H1LedgerArithmetic
warning: PaperIV/H1LedgerArithmetic.lean:53:5: unused variable `hA`

Note: This linter can be disabled with `set_option linter.unusedVariables false`
warning: PaperIV/H1LedgerArithmetic.lean:53:18: unused variable `hf`

Note: This linter can be disabled with `set_option linter.unusedVariables false`
warning: PaperIV/H1LedgerArithmetic.lean:69:5: unused variable `hA`

Note: This linter can be disabled with `set_option linter.unusedVariables false`
warning: PaperIV/H1LedgerArithmetic.lean:125:18: unused variable `hw1`

Note: This linter can be disabled with `set_option linter.unusedVariables false`
warning: PaperIV/H1LedgerArithmetic.lean:125:32: unused variable `hpa`

Note: This linter can be disabled with `set_option linter.unusedVariables false`
warning: PaperIV/H1LedgerArithmetic.lean:125:63: unused variable `hw`

Note: This linter can be disabled with `set_option linter.unusedVariables false`
warning: PaperIV/H1LedgerArithmetic.lean:126:5: unused variable `hΔ`

Note: This linter can be disabled with `set_option linter.unusedVariables false`
warning: PaperIV/H1LedgerArithmetic.lean:126:33: unused variable `ha`

Note: This linter can be disabled with `set_option linter.unusedVariables false`
⚠ [8315/8460] Replayed PaperIV.H1ImprovedConstants
warning: PaperIV/H1ImprovedConstants.lean:73:32: unused variable `hP0`

Note: This linter can be disabled with `set_option linter.unusedVariables false`
warning: PaperIV/H1ImprovedConstants.lean:78:29: unused variable `hS0`

Note: This linter can be disabled with `set_option linter.unusedVariables false`
warning: PaperIV/H1ImprovedConstants.lean:103:32: unused variable `hP0`

Note: This linter can be disabled with `set_option linter.unusedVariables false`
warning: PaperIV/H1ImprovedConstants.lean:107:29: unused variable `hS0`

Note: This linter can be disabled with `set_option linter.unusedVariables false`
warning: PaperIV/H1ImprovedConstants.lean:151:5: unused variable `hp`

Note: This linter can be disabled with `set_option linter.unusedVariables false`
warning: PaperIV/H1ImprovedConstants.lean:151:44: unused variable `hs`

Note: This linter can be disabled with `set_option linter.unusedVariables false`
warning: PaperIV/H1ImprovedConstants.lean:237:5: unused variable `hA`

Note: This linter can be disabled with `set_option linter.unusedVariables false`
warning: PaperIV/H1ImprovedConstants.lean:237:18: unused variable `hf`

Note: This linter can be disabled with `set_option linter.unusedVariables false`
⚠ [8328/8460] Replayed PaperIV.RC01RootwiseReference
warning: PaperIV/RC01RootwiseReference.lean:44:0: automatically included section variable(s) unused in theorem `PaperIV.RC01RootwiseReference.pairScale_pos`:
  [DecidableEq V]
  [Nonempty V]
  [Fintype P]
consider restructuring your `variable` declarations so that the variables are not in scope or explicitly omit them:
  omit [DecidableEq V] [Nonempty V] [Fintype P] in theorem ...

Note: This linter can be disabled with `set_option linter.unusedSectionVars false`
warning: PaperIV/RC01RootwiseReference.lean:48:0: automatically included section variable(s) unused in theorem `PaperIV.RC01RootwiseReference.densT_eq_pairScale`:
  [DecidableEq V]
  [Nonempty V]
  [Fintype P]
consider restructuring your `variable` declarations so that the variables are not in scope or explicitly omit them:
  omit [DecidableEq V] [Nonempty V] [Fintype P] in theorem ...

Note: This linter can be disabled with `set_option linter.unusedSectionVars false`
warning: PaperIV/RC01RootwiseReference.lean:51:0: automatically included section variable(s) unused in theorem `PaperIV.RC01RootwiseReference.profileVolume_nonneg`:
  [Nonempty V]
  [Fintype P]
consider restructuring your `variable` declarations so that the variables are not in scope or explicitly omit them:
  omit [Nonempty V] [Fintype P] in theorem ...

Note: This linter can be disabled with `set_option linter.unusedSectionVars false`
warning: PaperIV/RC01RootwiseReference.lean:80:0: automatically included section variable(s) unused in theorem `PaperIV.RC01RootwiseReference.profileVolume_eq_card`:
  [Nonempty V]
  [Fintype P]
consider restructuring your `variable` declarations so that the variables are not in scope or explicitly omit them:
  omit [Nonempty V] [Fintype P] in theorem ...

Note: This linter can be disabled with `set_option linter.unusedSectionVars false`
warning: PaperIV/RC01RootwiseReference.lean:83:0: automatically included section variable(s) unused in theorem `PaperIV.RC01RootwiseReference.profileVolume_pos_iff`:
  [Nonempty V]
  [Fintype P]
consider restructuring your `variable` declarations so that the variables are not in scope or explicitly omit them:
  omit [Nonempty V] [Fintype P] in theorem ...

Note: This linter can be disabled with `set_option linter.unusedSectionVars false`
warning: PaperIV/RC01RootwiseReference.lean:90:0: automatically included section variable(s) unused in theorem `PaperIV.RC01RootwiseReference.crossPair_pair_eq_interedges_image`:
  [Nonempty V]
  [Fintype P]
consider restructuring your `variable` declarations so that the variables are not in scope or explicitly omit them:
  omit [Nonempty V] [Fintype P] in theorem ...

Note: This linter can be disabled with `set_option linter.unusedSectionVars false`
warning: PaperIV/RC01RootwiseReference.lean:136:0: automatically included section variable(s) unused in theorem `PaperIV.RC01RootwiseReference.rootEdge_mem_crossPair_of_active`:
  [Fintype P]
consider restructuring your `variable` declarations so that the variables are not in scope or explicitly omit them:
  omit [Fintype P] in theorem ...

Note: This linter can be disabled with `set_option linter.unusedSectionVars false`
⚠ [8329/8460] Replayed PaperIV.RC01PatternCapacity
warning: PaperIV/RC01PatternCapacity.lean:34:0: automatically included section variable(s) unused in theorem `PaperIV.RC01PatternCapacity.slotMass_nonneg`:
  [Fintype Pat]
  [DecidableEq Pat]
consider restructuring your `variable` declarations so that the variables are not in scope or explicitly omit them:
  omit [Fintype Pat] [DecidableEq Pat] in theorem ...

Note: This linter can be disabled with `set_option linter.unusedSectionVars false`
warning: PaperIV/RC01PatternCapacity.lean:46:0: automatically included section variable(s) unused in theorem `PaperIV.RC01PatternCapacity.rawMass_nonneg`:
  [Fintype Pat]
  [DecidableEq Pat]
consider restructuring your `variable` declarations so that the variables are not in scope or explicitly omit them:
  omit [Fintype Pat] [DecidableEq Pat] in theorem ...

Note: This linter can be disabled with `set_option linter.unusedSectionVars false`
warning: PaperIV/RC01PatternCapacity.lean:53:0: automatically included section variable(s) unused in theorem `PaperIV.RC01PatternCapacity.sum_rawMass_le_pairVolume`:
  [Fintype Pat]
  [DecidableEq Pat]
consider restructuring your `variable` declarations so that the variables are not in scope or explicitly omit them:
  omit [Fintype Pat] [DecidableEq Pat] in theorem ...

Note: This linter can be disabled with `set_option linter.unusedSectionVars false`
warning: PaperIV/RC01PatternCapacity.lean:54:35: unused variable `ht`

Note: This linter can be disabled with `set_option linter.unusedVariables false`
warning: PaperIV/RC01PatternCapacity.lean:97:0: automatically included section variable(s) unused in theorem `PaperIV.RC01PatternCapacity.sum_slotMass_le_density`:
  [Fintype Pat]
  [DecidableEq Pat]
consider restructuring your `variable` declarations so that the variables are not in scope or explicitly omit them:
  omit [Fintype Pat] [DecidableEq Pat] in theorem ...

Note: This linter can be disabled with `set_option linter.unusedSectionVars false`
⚠ [8330/8460] Replayed PaperIV.RC01Candidates
warning: PaperIV/RC01Candidates.lean:32:0: automatically included section variable(s) unused in theorem `PaperIV.RC01Candidates.mem_transversal`:
  [Fintype α]
  [DecidableEq α]
consider restructuring your `variable` declarations so that the variables are not in scope or explicitly omit them:
  omit [Fintype α] [DecidableEq α] in theorem ...

Note: This linter can be disabled with `set_option linter.unusedSectionVars false`
warning: PaperIV/RC01Candidates.lean:43:0: automatically included section variable(s) unused in theorem `PaperIV.RC01Candidates.mem_piece`:
  [DecidableEq ι]
  [Fintype α]
consider restructuring your `variable` declarations so that the variables are not in scope or explicitly omit them:
  omit [DecidableEq ι] [Fintype α] in theorem ...

Note: This linter can be disabled with `set_option linter.unusedSectionVars false`
warning: PaperIV/RC01Candidates.lean:54:0: automatically included section variable(s) unused in theorem `PaperIV.RC01Candidates.injective_of_mem_piFinset`:
  [Fintype ι]
  [Fintype α]
  [DecidableEq α]
consider restructuring your `variable` declarations so that the variables are not in scope or explicitly omit them:
  omit [Fintype ι] [Fintype α] [DecidableEq α] in theorem ...

Note: This linter can be disabled with `set_option linter.unusedSectionVars false`
warning: PaperIV/RC01Candidates.lean:84:0: automatically included section variable(s) unused in theorem `PaperIV.RC01Candidates.mem_candidates`:
  [Fintype α]
consider restructuring your `variable` declarations so that the variables are not in scope or explicitly omit them:
  omit [Fintype α] in theorem ...

Note: This linter can be disabled with `set_option linter.unusedSectionVars false`
⚠ [8331/8460] Replayed PaperIV.RC01CandidatePool
warning: PaperIV/RC01CandidatePool.lean:101:6: unused variable `S`

Note: This linter can be disabled with `set_option linter.unusedVariables false`
⚠ [8337/8460] Replayed PaperIV.PatternPoolGeometry
warning: PaperIV/PatternPoolGeometry.lean:128:0: automatically included section variable(s) unused in theorem `PaperIV.PatternPoolGeometry.prod_card_eq_size_pow`:
  [DecidableEq ι]
  [DecidableEq β]
consider restructuring your `variable` declarations so that the variables are not in scope or explicitly omit them:
  omit [DecidableEq ι] [DecidableEq β] in theorem ...

Note: This linter can be disabled with `set_option linter.unusedSectionVars false`
warning: PaperIV/PatternPoolGeometry.lean:195:5: unused variable `hd₁`

Note: This linter can be disabled with `set_option linter.unusedVariables false`
⚠ [8339/8460] Replayed PaperIV.RC01RegularVolume
warning: PaperIV/RC01RegularVolume.lean:134:0: automatically included section variable(s) unused in theorem `PaperIV.RC01RegularVolume.card_regularPattern`:
  [Fintype α]
consider restructuring your `variable` declarations so that the variables are not in scope or explicitly omit them:
  omit [Fintype α] in theorem ...

Note: This linter can be disabled with `set_option linter.unusedSectionVars false`
⚠ [8340/8460] Replayed PaperIV.RC01CanonicalProfile
warning: PaperIV/RC01CanonicalProfile.lean:36:8: automatically included section variable(s) unused in theorem `_private.PaperIV.RC01CanonicalProfile.0.PaperIV.RC01CanonicalProfile.image_some_injective`:
  [Fintype V]
consider restructuring your `variable` declarations so that the variables are not in scope or explicitly omit them:
  omit [Fintype V] in theorem ...

Note: This linter can be disabled with `set_option linter.unusedSectionVars false`
⚠ [8345/8460] Replayed PaperIV.RC01RootedMomentAdapter
warning: PaperIV/RC01RootedMomentAdapter.lean:36:0: automatically included section variable(s) unused in theorem `PaperIV.RC01RootedMomentAdapter.classOfPart_eq`:
  [Nonempty α]
consider restructuring your `variable` declarations so that the variables are not in scope or explicitly omit them:
  omit [Nonempty α] in theorem ...

Note: This linter can be disabled with `set_option linter.unusedSectionVars false`
warning: PaperIV/RC01RootedMomentAdapter.lean:312:0: automatically included section variable(s) unused in theorem `PaperIV.RC01RootedMomentAdapter.regularPattern_comp_perm`:
  [Fintype α]
  [Nonempty α]
consider restructuring your `variable` declarations so that the variables are not in scope or explicitly omit them:
  omit [Fintype α] [Nonempty α] in theorem ...

Note: This linter can be disabled with `set_option linter.unusedSectionVars false`
warning: PaperIV/RC01RootedMomentAdapter.lean:335:0: automatically included section variable(s) unused in theorem `PaperIV.RC01RootedMomentAdapter.exists_perm3_rootPair_eq`:
  [Fintype α]
  [Nonempty α]
consider restructuring your `variable` declarations so that the variables are not in scope or explicitly omit them:
  omit [Fintype α] [Nonempty α] in theorem ...

Note: This linter can be disabled with `set_option linter.unusedSectionVars false`
warning: PaperIV/RC01RootedMomentAdapter.lean:354:0: automatically included section variable(s) unused in theorem `PaperIV.RC01RootedMomentAdapter.exists_perm4_rootPair_eq`:
  [Fintype α]
  [Nonempty α]
consider restructuring your `variable` declarations so that the variables are not in scope or explicitly omit them:
  omit [Fintype α] [Nonempty α] in theorem ...

Note: This linter can be disabled with `set_option linter.unusedSectionVars false`
warning: PaperIV/RC01RootedMomentAdapter.lean:530:0: automatically included section variable(s) unused in theorem `PaperIV.RC01RootedMomentAdapter.indexed_rootFiber3_card_le`:
  [Nonempty α]
consider restructuring your `variable` declarations so that the variables are not in scope or explicitly omit them:
  omit [Nonempty α] in theorem ...

Note: This linter can be disabled with `set_option linter.unusedSectionVars false`
warning: PaperIV/RC01RootedMomentAdapter.lean:554:0: automatically included section variable(s) unused in theorem `PaperIV.RC01RootedMomentAdapter.indexed_rootFiber4_card_le`:
  [Nonempty α]
consider restructuring your `variable` declarations so that the variables are not in scope or explicitly omit them:
  omit [Nonempty α] in theorem ...

Note: This linter can be disabled with `set_option linter.unusedSectionVars false`
⚠ [8349/8460] Replayed PaperIV.RC01ResidualCoverage
warning: PaperIV/RC01ResidualCoverage.lean:162:5: unused variable `R`

Note: This linter can be disabled with `set_option linter.unusedVariables false`
⚠ [8350/8460] Replayed PaperIV.RC01CanonicalTransferBridge
warning: PaperIV/RC01CanonicalTransferBridge.lean:36:0: automatically included section variable(s) unused in theorem `PaperIV.RC01CanonicalTransferBridge.rawMass_profileFiber_le_psiT`:
  [Fintype P]
consider restructuring your `variable` declarations so that the variables are not in scope or explicitly omit them:
  omit [Fintype P] in theorem ...

Note: This linter can be disabled with `set_option linter.unusedSectionVars false`
⚠ [8351/8460] Replayed PaperIV.SpreadRestricted
warning: PaperIV/SpreadRestricted.lean:65:0: automatically included section variable(s) unused in theorem `PaperIV.SpreadRestricted.spreadWeightNorm_nonneg`:
  [Fintype P]
consider restructuring your `variable` declarations so that the variables are not in scope or explicitly omit them:
  omit [Fintype P] in theorem ...

Note: This linter can be disabled with `set_option linter.unusedSectionVars false`
warning: PaperIV/SpreadRestricted.lean:75:0: automatically included section variable(s) unused in theorem `PaperIV.SpreadRestricted.loadNorm_eq`:
  [Fintype P]
consider restructuring your `variable` declarations so that the variables are not in scope or explicitly omit them:
  omit [Fintype P] in theorem ...

Note: This linter can be disabled with `set_option linter.unusedSectionVars false`
warning: PaperIV/SpreadRestricted.lean:171:0: automatically included section variable(s) unused in theorem `PaperIV.SpreadRestricted.restrictedCopies_subset`:
  [Fintype P]
  [DecidableEq P]
consider restructuring your `variable` declarations so that the variables are not in scope or explicitly omit them:
  omit [Fintype P] [DecidableEq P] in theorem ...

Note: This linter can be disabled with `set_option linter.unusedSectionVars false`
warning: PaperIV/SpreadRestricted.lean:177:0: automatically included section variable(s) unused in theorem `PaperIV.SpreadRestricted.spreadFiber_restricted_eq_empty`:
  [Fintype P]
  [DecidableEq P]
consider restructuring your `variable` declarations so that the variables are not in scope or explicitly omit them:
  omit [Fintype P] [DecidableEq P] in theorem ...

Note: This linter can be disabled with `set_option linter.unusedSectionVars false`
⚠ [8356/8460] Replayed PaperIV.RC01DenseRootwiseRetention
warning: PaperIV/RC01DenseRootwiseRetention.lean:38:8: automatically included section variable(s) unused in theorem `_private.PaperIV.RC01DenseRootwiseRetention.0.PaperIV.RC01DenseRootwiseRetention.canonicalTriple_mem_slot`:
  [Nonempty α]
consider restructuring your `variable` declarations so that the variables are not in scope or explicitly omit them:
  omit [Nonempty α] in theorem ...

Note: This linter can be disabled with `set_option linter.unusedSectionVars false`
warning: PaperIV/RC01DenseRootwiseRetention.lean:45:8: automatically included section variable(s) unused in theorem `_private.PaperIV.RC01DenseRootwiseRetention.0.PaperIV.RC01DenseRootwiseRetention.canonicalTuple_mem_slot`:
  [Nonempty α]
consider restructuring your `variable` declarations so that the variables are not in scope or explicitly omit them:
  omit [Nonempty α] in theorem ...

Note: This linter can be disabled with `set_option linter.unusedSectionVars false`
⚠ [8357/8460] Replayed PaperIV.RC01DensePhysicalGate
warning: PaperIV/RC01DensePhysicalGate.lean:34:50: unused variable `hv`

Note: This linter can be disabled with `set_option linter.unusedVariables false`
warning: PaperIV/RC01DensePhysicalGate.lean:36:9: unused variable `hchoice3`

Note: This linter can be disabled with `set_option linter.unusedVariables false`
warning: PaperIV/RC01DensePhysicalGate.lean:37:9: unused variable `hchoice4`

Note: This linter can be disabled with `set_option linter.unusedVariables false`
⚠ [8378/8460] Replayed PaperIV.SplitTriangleFactorOdd
warning: PaperIV/SplitTriangleFactorOdd.lean:32:0: automatically included section variable(s) unused in theorem `PaperIV.SplitTriangleFactorOdd.splitGraph_mono`:
  [Fintype V]
consider restructuring your `variable` declarations so that the variables are not in scope or explicitly omit them:
  omit [Fintype V] in theorem ...

Note: This linter can be disabled with `set_option linter.unusedSectionVars false`
⚠ [8383/8460] Replayed PaperIV.SplitTriangleFactorOddHighHost
warning: PaperIV/SplitTriangleFactorOddHighHost.lean:125:0: automatically included section variable(s) unused in theorem `PaperIV.SplitTriangleFactorOddHighHost.OddLabelling.cv_mem`:
  [Fintype V]
consider restructuring your `variable` declarations so that the variables are not in scope or explicitly omit them:
  omit [Fintype V] in theorem ...

Note: This linter can be disabled with `set_option linter.unusedSectionVars false`
warning: PaperIV/SplitTriangleFactorOddHighHost.lean:128:0: automatically included section variable(s) unused in theorem `PaperIV.SplitTriangleFactorOddHighHost.OddLabelling.hv_mem`:
  [Fintype V]
consider restructuring your `variable` declarations so that the variables are not in scope or explicitly omit them:
  omit [Fintype V] in theorem ...

Note: This linter can be disabled with `set_option linter.unusedSectionVars false`
warning: PaperIV/SplitTriangleFactorOddHighHost.lean:149:8: automatically included section variable(s) unused in theorem `PaperIV.SplitTriangleFactorOddHighHost.hubOf_apply`:
  [Fintype V]
  [DecidableEq V]
consider restructuring your `variable` declarations so that the variables are not in scope or explicitly omit them:
  omit [Fintype V] [DecidableEq V] in theorem ...

Note: This linter can be disabled with `set_option linter.unusedSectionVars false`
warning: PaperIV/SplitTriangleFactorOddHighHost.lean:151:0: automatically included section variable(s) unused in theorem `PaperIV.SplitTriangleFactorOddHighHost.baseOf_toFinset`:
  [Fintype V]
consider restructuring your `variable` declarations so that the variables are not in scope or explicitly omit them:
  omit [Fintype V] in theorem ...

Note: This linter can be disabled with `set_option linter.unusedSectionVars false`
warning: PaperIV/SplitTriangleFactorOddHighHost.lean:189:0: automatically included section variable(s) unused in theorem `PaperIV.SplitTriangleFactorOddHighHost.OddLabelling.image_opair_disjoint`:
  [Fintype V]
consider restructuring your `variable` declarations so that the variables are not in scope or explicitly omit them:
  omit [Fintype V] in theorem ...

Note: This linter can be disabled with `set_option linter.unusedSectionVars false`
warning: PaperIV/SplitTriangleFactorOddHighHost.lean:193:0: automatically included section variable(s) unused in theorem `PaperIV.SplitTriangleFactorOddHighHost.OddLabelling.image_opair_inter_card_le_one`:
  [Fintype V]
consider restructuring your `variable` declarations so that the variables are not in scope or explicitly omit them:
  omit [Fintype V] in theorem ...

Note: This linter can be disabled with `set_option linter.unusedSectionVars false`
warning: PaperIV/SplitTriangleFactorOddHighHost.lean:294:0: automatically included section variable(s) unused in theorem `PaperIV.SplitTriangleFactorOddHighHost.exists_oddLabelling`:
  [Fintype V]
consider restructuring your `variable` declarations so that the variables are not in scope or explicitly omit them:
  omit [Fintype V] in theorem ...

Note: This linter can be disabled with `set_option linter.unusedSectionVars false`
⚠ [8385/8460] Replayed PaperIV.SplitCompleteSharpLower
warning: PaperIV/SplitCompleteSharpLower.lean:42:62: unused variable `htwo`

Note: This linter can be disabled with `set_option linter.unusedVariables false`
⚠ [8388/8460] Replayed PaperIV.SpreadAbsorption
warning: PaperIV/SpreadAbsorption.lean:28:0: automatically included section variable(s) unused in theorem `PaperIV.SpreadAbsorption.exists_certificate`:
  [Fintype V]
consider restructuring your `variable` declarations so that the variables are not in scope or explicitly omit them:
  omit [Fintype V] in theorem ...

Note: This linter can be disabled with `set_option linter.unusedSectionVars false`
warning: PaperIV/SpreadAbsorption.lean:30:6: unused variable `C`

Note: This linter can be disabled with `set_option linter.unusedVariables false`
warning: PaperIV/SpreadAbsorption.lean:37:0: automatically included section variable(s) unused in theorem `PaperIV.SpreadAbsorption.exists_lowConflict_certificate`:
  [Fintype V]
consider restructuring your `variable` declarations so that the variables are not in scope or explicitly omit them:
  omit [Fintype V] in theorem ...

Note: This linter can be disabled with `set_option linter.unusedSectionVars false`
warning: PaperIV/SpreadAbsorption.lean:52:0: automatically included section variable(s) unused in theorem `PaperIV.SpreadAbsorption.matchingEdges_isLiteralMatching`:
  [Fintype V]
  [DecidableRel G.Adj]
consider restructuring your `variable` declarations so that the variables are not in scope or explicitly omit them:
  omit [Fintype V] [DecidableRel G.Adj] in theorem ...

Note: This linter can be disabled with `set_option linter.unusedSectionVars false`
warning: PaperIV/SpreadAbsorption.lean:76:0: automatically included section variable(s) unused in theorem `PaperIV.SpreadAbsorption.biUnion_matchingEdges`:
  [Fintype V]
  [DecidableRel G.Adj]
consider restructuring your `variable` declarations so that the variables are not in scope or explicitly omit them:
  omit [Fintype V] [DecidableRel G.Adj] in theorem ...

Note: This linter can be disabled with `set_option linter.unusedSectionVars false`
⚠ [8390/8460] Replayed PaperIV.SpreadAbsorptionCompatibility
warning: PaperIV/SpreadAbsorptionCompatibility.lean:50:0: automatically included section variable(s) unused in theorem `PaperIV.SpreadAbsorptionCompatibility.absorber_piece_subset`:
  [Fintype V]
  [DecidableRel G.Adj]
consider restructuring your `variable` declarations so that the variables are not in scope or explicitly omit them:
  omit [Fintype V] [DecidableRel G.Adj] in theorem ...

Note: This linter can be disabled with `set_option linter.unusedSectionVars false`
warning: PaperIV/SpreadAbsorptionCompatibility.lean:92:0: automatically included section variable(s) unused in theorem `PaperIV.SpreadAbsorptionCompatibility.totalGain_union_absorber`:
  [Fintype V]
  [DecidableRel G.Adj]
consider restructuring your `variable` declarations so that the variables are not in scope or explicitly omit them:
  omit [Fintype V] [DecidableRel G.Adj] in theorem ...

Note: This linter can be disabled with `set_option linter.unusedSectionVars false`
warning: PaperIV/SpreadAbsorptionCompatibility.lean:94:5: unused variable `hNne`

Note: This linter can be disabled with `set_option linter.unusedVariables false`
⚠ [8392/8460] Replayed PaperIV.SplitCompleteDefect
warning: PaperIV/SplitCompleteDefect.lean:72:0: automatically included section variable(s) unused in theorem `PaperIV.SplitCompleteDefect.defect_of_no_host`:
  [Fintype V]
consider restructuring your `variable` declarations so that the variables are not in scope or explicitly omit them:
  omit [Fintype V] in theorem ...

Note: This linter can be disabled with `set_option linter.unusedSectionVars false`
warning: PaperIV/SplitCompleteDefect.lean:78:0: automatically included section variable(s) unused in theorem `PaperIV.SplitCompleteDefect.defect_of_host`:
  [Fintype V]
consider restructuring your `variable` declarations so that the variables are not in scope or explicitly omit them:
  omit [Fintype V] in theorem ...

Note: This linter can be disabled with `set_option linter.unusedSectionVars false`
⚠ [8396/8460] Replayed PaperIV.SplitMixedGap
warning: PaperIV/SplitMixedGap.lean:68:8: automatically included section variable(s) unused in theorem `_private.PaperIV.SplitMixedGap.0.PaperIV.SplitMixedGap.innerPart_eq_filter`:
  [Fintype V]
consider restructuring your `variable` declarations so that the variables are not in scope or explicitly omit them:
  omit [Fintype V] in theorem ...

Note: This linter can be disabled with `set_option linter.unusedSectionVars false`
⚠ [8399/8460] Replayed PaperIV.NearThresholdSensitivity
warning: PaperIV/NearThresholdSensitivity.lean:100:5: unused variable `heps`

Note: This linter can be disabled with `set_option linter.unusedVariables false`
warning: PaperIV/NearThresholdSensitivity.lean:100:22: unused variable `heta`

Note: This linter can be disabled with `set_option linter.unusedVariables false`
⚠ [8400/8460] Replayed PaperIV.FourHostClosure
warning: PaperIV/FourHostClosure.lean:69:8: automatically included section variable(s) unused in theorem `_private.PaperIV.FourHostClosure.0.PaperIV.FourHostClosure.sum_card_colourClass`:
  [DecidableEq V]
consider restructuring your `variable` declarations so that the variables are not in scope or explicitly omit them:
  omit [DecidableEq V] in theorem ...

Note: This linter can be disabled with `set_option linter.unusedSectionVars false`
⚠ [8405/8460] Replayed BoundedCliqueGap.PEOBridge
warning: BoundedCliqueGap/PEOBridge.lean:50:0: automatically included section variable(s) unused in theorem `BoundedCliqueGap.revPES_peoRank`:
  [DecidableEq V]
consider restructuring your `variable` declarations so that the variables are not in scope or explicitly omit them:
  omit [DecidableEq V] in theorem ...

Note: This linter can be disabled with `set_option linter.unusedSectionVars false`
⚠ [8421/8460] Replayed BoundedCliqueGap.JRelative
warning: BoundedCliqueGap/JRelative.lean:42:8: automatically included section variable(s) unused in theorem `_private.BoundedCliqueGap.JRelative.0.BoundedCliqueGap.card_le_card_of_meets`:
  [Fintype V]
consider restructuring your `variable` declarations so that the variables are not in scope or explicitly omit them:
  omit [Fintype V] in theorem ...

Note: This linter can be disabled with `set_option linter.unusedSectionVars false`
⚠ [8425/8460] Replayed BoundedCliqueGap.SplitBridge
warning: BoundedCliqueGap/SplitBridge.lean:35:8: automatically included section variable(s) unused in theorem `BoundedCliqueGap.mem_csCore`:
  [Fintype S]
consider restructuring your `variable` declarations so that the variables are not in scope or explicitly omit them:
  omit [Fintype S] in theorem ...

Note: This linter can be disabled with `set_option linter.unusedSectionVars false`
warning: BoundedCliqueGap/SplitBridge.lean:38:8: automatically included section variable(s) unused in theorem `BoundedCliqueGap.mem_csHosts`:
  [Fintype K]
consider restructuring your `variable` declarations so that the variables are not in scope or explicitly omit them:
  omit [Fintype K] in theorem ...

Note: This linter can be disabled with `set_option linter.unusedSectionVars false`
⚠ [8426/8460] Replayed PaperIV.RC01UniformDenseGate
warning: PaperIV/RC01UniformDenseGate.lean:41:50: unused variable `hv`

Note: This linter can be disabled with `set_option linter.unusedVariables false`
warning: PaperIV/RC01UniformDenseGate.lean:43:9: unused variable `hchoice3`

Note: This linter can be disabled with `set_option linter.unusedVariables false`
warning: PaperIV/RC01UniformDenseGate.lean:44:9: unused variable `hchoice4`

Note: This linter can be disabled with `set_option linter.unusedVariables false`
⚠ [8435/8460] Replayed PaperIV.SeparationAbsorptionRoute
warning: PaperIV/SeparationAbsorptionRoute.lean:58:0: automatically included section variable(s) unused in theorem `PaperIV.SeparationAbsorptionRoute.AbsorbableCriticalStructure.exists_target_partition`:
  [LinearOrder V]
consider restructuring your `variable` declarations so that the variables are not in scope or explicitly omit them:
  omit [LinearOrder V] in theorem ...

Note: This linter can be disabled with `set_option linter.unusedSectionVars false`
⚠ [8436/8460] Replayed PaperIV.PaperTheorems
warning: PaperIV/PaperTheorems.lean:67:8: automatically included section variable(s) unused in theorem `_private.PaperIV.PaperTheorems.0.PaperIV.PaperTheorems.mem_core_of_adj_of_notMem`:
  [Fintype V]
consider restructuring your `variable` declarations so that the variables are not in scope or explicitly omit them:
  omit [Fintype V] in theorem ...

Note: This linter can be disabled with `set_option linter.unusedSectionVars false`
warning: PaperIV/PaperTheorems.lean:75:8: automatically included section variable(s) unused in theorem `_private.PaperIV.PaperTheorems.0.PaperIV.PaperTheorems.core_isClique`:
  [Fintype V]
consider restructuring your `variable` declarations so that the variables are not in scope or explicitly omit them:
  omit [Fintype V] in theorem ...

Note: This linter can be disabled with `set_option linter.unusedSectionVars false`
⚠ [8441/8460] Replayed PaperIV.Erdos81AllOrders
warning: PaperIV/Erdos81AllOrders.lean:55:8: automatically included section variable(s) unused in theorem `_private.PaperIV.Erdos81AllOrders.0.PaperIV.Erdos81AllOrders.card_edgeFinset_le`:
  [DecidableEq V]
consider restructuring your `variable` declarations so that the variables are not in scope or explicitly omit them:
  omit [DecidableEq V] in theorem ...

Note: This linter can be disabled with `set_option linter.unusedSectionVars false`
ℹ [8443/8460] Replayed PaperIV.Audit
info: PaperIV/Audit.lean:50:0: 'PaperIV.Erdos81AllOrders.erdos81_all_orders' depends on axioms: [propext, Classical.choice, Quot.sound]
info: PaperIV/Audit.lean:51:0: 'PaperIV.Erdos81AllOrders.erdos81_all_orders_additive' depends on axioms: [propext, Classical.choice, Quot.sound]
info: PaperIV/Audit.lean:52:0: 'PaperIV.Erdos81AllOrders.exists_trivial_cliquePartition' depends on axioms: [propext, Classical.choice, Quot.sound]
info: PaperIV/Audit.lean:56:0: 'PaperIV.Erdos81Unconditional.erdos81_cliquePartition' depends on axioms: [propext, Classical.choice, Quot.sound]
info: PaperIV/Audit.lean:57:0: 'PaperIV.Erdos81Unconditional.erdos81_linear_form' depends on axioms: [propext, Classical.choice, Quot.sound]
info: PaperIV/Audit.lean:58:0: 'PaperIV.Erdos81Unconditional.erdos81_chordalTarget' depends on axioms: [propext, Classical.choice, Quot.sound]
info: PaperIV/Audit.lean:65:0: 'PaperIV.CertifiedOptimumExistence.exists_certifiedFractionalOptimum' depends on axioms: [propext,
 Classical.choice,
 Quot.sound]
info: PaperIV/Audit.lean:66:0: 'PaperI.FiniteLP.exists_optimal_pair' depends on axioms: [propext, Classical.choice, Quot.sound]
info: PaperIV/Audit.lean:72:0: 'PaperIV.RC01Final.rc01_uniformRoundingTarget' depends on axioms: [propext, Classical.choice, Quot.sound]
info: PaperIV/Audit.lean:73:0: 'PaperIV.RC01FarAssembly.farRegime_cliquePartition' depends on axioms: [propext, Classical.choice, Quot.sound]
info: PaperIV/Audit.lean:74:0: 'PaperIV.NearH1GlobalAssembly.nearRegimeAt' depends on axioms: [propext, Classical.choice, Quot.sound]
info: PaperIV/Audit.lean:75:0: 'PaperIV.NearH1GlobalAssembly.chordalTargetAt' depends on axioms: [propext, Classical.choice, Quot.sound]
info: PaperIV/Audit.lean:76:0: 'PaperIV.RootRegularizationBridge.exists_regularizedRoot_engineFree' depends on axioms: [propext,
 Classical.choice,
 Quot.sound]
info: PaperIV/Audit.lean:83:0: 'PaperIV.HybridDichotomy.chordal_far_or_nearStructure' depends on axioms: [propext, Classical.choice, Quot.sound]
info: PaperIV/Audit.lean:84:0: 'PaperIV.HybridDichotomy.chordal_near_extremal_stability' depends on axioms: [propext, Classical.choice, Quot.sound]
info: PaperIV/Audit.lean:85:0: 'PaperIV.HybridDichotomy.erdos81_of_structuralDichotomy' depends on axioms: [propext, Classical.choice, Quot.sound]
info: PaperIV/Audit.lean:92:0: 'PaperIV.PaperTheorems.erdos81_hybrid_linear_form' depends on axioms: [propext, Classical.choice, Quot.sound]
info: PaperIV/Audit.lean:93:0: 'PaperIV.PaperTheorems.splitGraph_isChordal' depends on axioms: [propext, Classical.choice, Quot.sound]
info: PaperIV/Audit.lean:94:0: 'PaperIV.PaperTheorems.exists_chordal_extremal_witness' depends on axioms: [propext, Classical.choice, Quot.sound]
info: PaperIV/Audit.lean:95:0: 'PaperIV.PaperTheorems.erdos81_max_eq' depends on axioms: [propext, Classical.choice, Quot.sound]
info: PaperIV/Audit.lean:102:0: 'PaperIV.SplitCompleteExactValue.exists_optimal_cliquePartition' depends on axioms: [propext,
 Classical.choice,
 Quot.sound]
info: PaperIV/Audit.lean:103:0: 'PaperIV.SplitCompleteExactValueAllParities.exists_optimal_cliquePartition_allParities' depends on axioms: [propext,
 Classical.choice,
 Quot.sound]
info: PaperIV/Audit.lean:104:0: 'PaperIV.SplitCompleteSharpLower.cliquePartition_size_ge_baseline_unrestricted' depends on axioms: [propext,
 Classical.choice,
 Quot.sound]
info: PaperIV/Audit.lean:105:0: 'PaperIV.SplitCompleteSharpValue.exists_sharp_cliquePartition_allParities' depends on axioms: [propext,
 Classical.choice,
 Quot.sound]
info: PaperIV/Audit.lean:106:0: 'PaperIV.SplitCompleteSharpLower.critical_baseline_eq_targetSize' depends on axioms: [propext,
 Classical.choice,
 Quot.sound]
info: PaperIV/Audit.lean:114:0: 'PaperIV.SplitCompleteRigidity.six_mul_baseline_add_sq' depends on axioms: [propext, Classical.choice, Quot.sound]
info: PaperIV/Audit.lean:115:0: 'PaperIV.SplitCompleteRigidity.baseline_le_targetSize' depends on axioms: [propext, Classical.choice, Quot.sound]
info: PaperIV/Audit.lean:116:0: 'PaperIV.SplitCompleteRigidity.baseline_eq_targetSize_iff' depends on axioms: [propext, Classical.choice, Quot.sound]
info: PaperIV/Audit.lean:117:0: 'PaperIV.SplitCompleteRigidity.optimal_cores' depends on axioms: [propext, Classical.choice, Quot.sound]
info: PaperIV/Audit.lean:124:0: 'PaperIV.SplitCompleteDefect.size_add_choose_eq_mul_add_sum_defect' depends on axioms: [propext,
 Classical.choice,
 Quot.sound]
info: PaperIV/Audit.lean:125:0: 'PaperIV.SplitCompleteDefect.defect_eq_zero_iff' depends on axioms: [propext, Classical.choice, Quot.sound]
info: PaperIV/Audit.lean:126:0: 'PaperIV.SplitCompleteDefect.defect_pos_of_no_host' depends on axioms: [propext, Classical.choice, Quot.sound]
info: PaperIV/Audit.lean:127:0: 'PaperIV.SplitCompleteDefect.card_paying_pieces_le_excess' depends on axioms: [propext, Classical.choice, Quot.sound]
info: PaperIV/Audit.lean:131:0: 'PaperIV.LinearCoefficient.linear_coefficient_optimal' depends on axioms: [propext, Classical.choice, Quot.sound]
info: PaperIV/Audit.lean:135:0: 'PaperIV.BalancedReserve.card_filter_edgeFamily' depends on axioms: [propext, Classical.choice, Quot.sound]
info: PaperIV/Audit.lean:136:0: 'PaperIV.BalancedReserve.exists_balanced_reserve' depends on axioms: [propext, Classical.choice, Quot.sound]
info: PaperIV/Audit.lean:140:0: 'PaperIV.SpreadAbsorption.exists_certificate' depends on axioms: [propext, Classical.choice, Quot.sound]
info: PaperIV/Audit.lean:141:0: 'PaperIV.SpreadAbsorption.exists_lowConflict_certificate' depends on axioms: [propext, Classical.choice, Quot.sound]
info: PaperIV/Audit.lean:142:0: 'PaperIV.SpreadAbsorption.physical_triangle_absorber' depends on axioms: [propext, Classical.choice, Quot.sound]
info: PaperIV/Audit.lean:143:0: 'PaperIV.SpreadAbsorption.totalGain_physical_triangle_absorber' depends on axioms: [propext,
 Classical.choice,
 Quot.sound]
info: PaperIV/Audit.lean:144:0: 'PaperIV.SpreadAbsorption.exists_budgeted_physical_triangle_absorber' depends on axioms: [propext,
 Classical.choice,
 Quot.sound]
info: PaperIV/Audit.lean:145:0: 'PaperIV.SpreadLedgerAbsorption.total_ledgerBad_le_two_accounts' depends on axioms: [propext,
 Classical.choice,
 Quot.sound]
info: PaperIV/Audit.lean:146:0: 'PaperIV.SpreadLedgerAbsorption.total_ledgerBad_le_paid_mass' depends on axioms: [propext, Classical.choice, Quot.sound]
info: PaperIV/Audit.lean:147:0: 'PaperIV.SpreadLedgerAbsorption.exists_spread_absorber_count_add_cost_le_baseline' depends on axioms: [propext,
 Classical.choice,
 Quot.sound]
info: PaperIV/Audit.lean:148:0: 'PaperIV.SpreadAbsorptionCompatibility.isPacking_union_absorber' depends on axioms: [propext,
 Classical.choice,
 Quot.sound]
info: PaperIV/Audit.lean:149:0: 'PaperIV.SpreadAbsorptionCompatibility.exists_compatible_spread_absorber' depends on axioms: [propext,
 Classical.choice,
 Quot.sound]
info: PaperIV/Audit.lean:156:0: 'PaperIV.SpreadAbsorptionCompatibility.exists_budgeted_compatible_spread_absorber' depends on axioms: [propext,
 Classical.choice,
 Quot.sound]
info: PaperIV/Audit.lean:160:0: 'PaperIV.SeparationAbsorptionRoute.chordal_dualSeparated_or_absorbable' depends on axioms: [propext,
 Classical.choice,
 Quot.sound]
info: PaperIV/Audit.lean:161:0: 'PaperIV.SeparationAbsorptionRoute.AbsorbableCriticalStructure.exists_target_partition' depends on axioms: [propext,
 Classical.choice,
 Quot.sound]
info: PaperIV/Audit.lean:162:0: 'PaperIV.SeparationAbsorptionRoute.erdos81_of_dualSeparation_absorption' depends on axioms: [propext,
 Classical.choice,
 Quot.sound]
info: PaperIV/Audit.lean:166:0: 'PaperIV.SplitEditIdentity.editDist_split_eq' depends on axioms: [propext, Classical.choice, Quot.sound]
info: PaperIV/Audit.lean:167:0: 'PaperIV.FarSlackQuantitative.farRegime_cliquePartition_slack' depends on axioms: [propext,
 Classical.choice,
 Quot.sound]
info: PaperIV/Audit.lean:168:0: 'PaperIV.IntegralStability.chordal_linear_stability' depends on axioms: [propext, Classical.choice, Quot.sound]
info: PaperIV/Audit.lean:169:0: 'PaperIV.ExtremalClassification.split_value' depends on axioms: [propext, Classical.choice, Quot.sound]
info: PaperIV/Audit.lean:170:0: 'PaperIV.ExtremalClassification.chordal_extremal_classification' depends on axioms: [propext,
 Classical.choice,
 Quot.sound]
info: PaperIV/Audit.lean:174:0: 'PaperIV.SplitMixedGap.fracPacking_value_le' depends on axioms: [propext, Classical.choice, Quot.sound]
info: PaperIV/Audit.lean:175:0: 'PaperIV.SplitMixedGap.sum_gainOf_add_size' depends on axioms: [propext, Classical.choice, Quot.sound]
info: PaperIV/Audit.lean:176:0: 'PaperIV.SplitMixedGap.exists_integral_gain_eq' depends on axioms: [propext, Classical.choice, Quot.sound]
info: PaperIV/Audit.lean:177:0: 'PaperIV.SplitMixedGap.mixed_gap_zero' depends on axioms: [propext, Classical.choice, Quot.sound]
info: PaperIV/Audit.lean:181:0: 'PaperIV.SimplicialReduction.exists_cliquePartition_of_delete_vertex' depends on axioms: [propext,
 Classical.choice,
 Quot.sound]
info: PaperIV/Audit.lean:182:0: 'PaperIV.SimplicialReduction.targetSize_succ_sub_targetSize' depends on axioms: [propext, Classical.choice, Quot.sound]
info: PaperIV/Audit.lean:183:0: 'PaperIV.SimplicialReduction.sharpBound_of_degree_le' depends on axioms: [propext, Classical.choice, Quot.sound]
info: PaperIV/Audit.lean:184:0: 'PaperIV.SimplicialReduction.sharpBoundAt_of_largeCliqueRegime' depends on axioms: [propext,
 Classical.choice,
 Quot.sound]
info: PaperIV/Audit.lean:185:0: 'PaperIV.SimplicialReductionRefined.exists_cliquePartition_freeStar' depends on axioms: [propext,
 Classical.choice,
 Quot.sound]
info: PaperIV/Audit.lean:186:0: 'PaperIV.SimplicialReductionRefined.not_strongLoosePieceHypothesis' depends on axioms: [propext,
 Classical.choice,
 Quot.sound]
info: PaperIV/Audit.lean:194:0: 'PaperIV.NearThresholdSensitivity.eps_le_of_physical_budget' depends on axioms: [propext, Classical.choice, Quot.sound]
info: PaperIV/Audit.lean:195:0: 'PaperIV.NearThresholdSensitivity.descent_threshold' depends on axioms: [propext, Classical.choice, Quot.sound]
info: PaperIV/Audit.lean:196:0: 'PaperIV.NearThresholdSensitivity.near_threshold_of_budget' depends on axioms: [propext, Classical.choice, Quot.sound]
info: PaperIV/Audit.lean:197:0: 'PaperIV.NearThresholdSensitivity.edit_mass_of_budget' depends on axioms: [propext, Classical.choice, Quot.sound]
info: PaperIV/Audit.lean:205:0: 'PaperIV.FourHostClosure.colourClass_isLiteralMatching' depends on axioms: [propext, Classical.choice, Quot.sound]
info: PaperIV/Audit.lean:206:0: 'PaperIV.FourHostClosure.exists_fourHost_packing' depends on axioms: [propext, Classical.choice, Quot.sound]
info: PaperIV/Audit.lean:207:0: 'PaperIV.FourHostClosure.fourHost_saving' depends on axioms: [propext, Classical.choice, Quot.sound]
info: PaperIV/Audit.lean:216:0: 'PaperIV.ReserveIdentity.centreDefect_mul_succ' depends on axioms: [propext, Quot.sound]
info: PaperIV/Audit.lean:217:0: 'PaperIV.ReserveIdentity.targetSize_eq_baseline_add_reserve' depends on axioms: [propext, Classical.choice, Quot.sound]
info: PaperIV/Audit.lean:218:0: 'PaperIV.ReserveIdentity.baseline_le_targetSize_of_reserve' depends on axioms: [propext, Classical.choice, Quot.sound]
info: PaperIV/Audit.lean:219:0: 'PaperIV.ReserveIdentity.baseline_eq_targetSize_iff_reserve' depends on axioms: [propext, Classical.choice, Quot.sound]
info: PaperIV/Audit.lean:220:0: 'PaperIV.ReserveIdentity.centreDefect_le_one_iff' depends on axioms: [propext, Classical.choice, Quot.sound]
info: PaperIV/Audit.lean:221:0: 'PaperIV.ReserveIdentity.sq_residual_eq' depends on axioms: [propext, Classical.choice, Quot.sound]
info: PaperIV/Audit.lean:222:0: 'PaperIV.ReserveIdentity.residual_sq_le_iff' depends on axioms: [propext, Classical.choice, Quot.sound]
info: PaperIV/Audit.lean:230:0: 'PaperIV.LossBudget.budget_iff' depends on axioms: [propext, Classical.choice, Quot.sound]
info: PaperIV/Audit.lean:231:0: 'PaperIV.LossBudget.size_add_gain_eq' depends on axioms: [propext, Classical.choice, Quot.sound]
info: PaperIV/Audit.lean:232:0: 'PaperIV.LossBudget.erdos81_cp_form' depends on axioms: [propext, Classical.choice, Quot.sound]
info: PaperIV/Audit.lean:233:0: 'PaperIV.LossBudget.erdos81_cp_form_all_orders' depends on axioms: [propext, Classical.choice, Quot.sound]
ℹ [8444/8460] Replayed PaperIV.ConeAudit
info: PaperIV/ConeAudit.lean:165:0: OK   PaperIV.Erdos81AllOrders.erdos81_all_orders
      total 39687 | PaperIV 2598 | PaperI 41 | Nibble 496 | MixedRounding 52 | EXTERNO 0
info: PaperIV/ConeAudit.lean:165:0: OK   PaperIV.Erdos81AllOrders.erdos81_all_orders_additive
      total 39688 | PaperIV 2599 | PaperI 41 | Nibble 496 | MixedRounding 52 | EXTERNO 0
info: PaperIV/ConeAudit.lean:165:0: OK   PaperIV.Erdos81Unconditional.erdos81_cliquePartition
      total 39681 | PaperIV 2595 | PaperI 41 | Nibble 496 | MixedRounding 52 | EXTERNO 0
info: PaperIV/ConeAudit.lean:165:0: OK   PaperIV.Erdos81Unconditional.erdos81_linear_form
      total 39683 | PaperIV 2597 | PaperI 41 | Nibble 496 | MixedRounding 52 | EXTERNO 0
info: PaperIV/ConeAudit.lean:165:0: OK   PaperIV.Erdos81Unconditional.erdos81_chordalTarget
      total 39593 | PaperIV 2577 | PaperI 0 | Nibble 496 | MixedRounding 52 | EXTERNO 0
info: PaperIV/ConeAudit.lean:165:0: OK   PaperIV.CertifiedOptimumExistence.exists_certifiedFractionalOptimum
      total 13603 | PaperIV 44 | PaperI 41 | Nibble 0 | MixedRounding 0 | EXTERNO 0
info: PaperIV/ConeAudit.lean:165:0: OK   PaperI.FiniteLP.exists_optimal_pair
      total 13072 | PaperIV 0 | PaperI 39 | Nibble 0 | MixedRounding 0 | EXTERNO 0
info: PaperIV/ConeAudit.lean:165:0: OK   PaperIV.RC01Final.rc01_uniformRoundingTarget
      total 34189 | PaperIV 917 | PaperI 0 | Nibble 496 | MixedRounding 50 | EXTERNO 0
info: PaperIV/ConeAudit.lean:165:0: OK   PaperIV.RC01FarAssembly.farRegime_cliquePartition
      total 34262 | PaperIV 968 | PaperI 0 | Nibble 496 | MixedRounding 52 | EXTERNO 0
info: PaperIV/ConeAudit.lean:165:0: OK   PaperIV.NearH1GlobalAssembly.nearRegimeAt
      total 30427 | PaperIV 1676 | PaperI 0 | Nibble 0 | MixedRounding 0 | EXTERNO 0
info: PaperIV/ConeAudit.lean:165:0: OK   PaperIV.NearH1GlobalAssembly.chordalTargetAt
      total 39592 | PaperIV 2576 | PaperI 0 | Nibble 496 | MixedRounding 52 | EXTERNO 0
info: PaperIV/ConeAudit.lean:165:0: OK   PaperIV.RootRegularizationBridge.exists_regularizedRoot_engineFree
      total 13192 | PaperIV 130 | PaperI 0 | Nibble 0 | MixedRounding 0 | EXTERNO 0
info: PaperIV/ConeAudit.lean:165:0: OK   PaperIV.HybridDichotomy.chordal_far_or_nearStructure
      total 30379 | PaperIV 1629 | PaperI 0 | Nibble 0 | MixedRounding 0 | EXTERNO 0
info: PaperIV/ConeAudit.lean:165:0: OK   PaperIV.HybridDichotomy.chordal_near_extremal_stability
      total 30378 | PaperIV 1628 | PaperI 0 | Nibble 0 | MixedRounding 0 | EXTERNO 0
info: PaperIV/ConeAudit.lean:165:0: OK   PaperIV.HybridDichotomy.erdos81_of_structuralDichotomy
      total 39675 | PaperIV 2589 | PaperI 41 | Nibble 496 | MixedRounding 52 | EXTERNO 0
info: PaperIV/ConeAudit.lean:165:0: OK   PaperIV.PaperTheorems.erdos81_hybrid_linear_form
      total 39677 | PaperIV 2591 | PaperI 41 | Nibble 496 | MixedRounding 52 | EXTERNO 0
info: PaperIV/ConeAudit.lean:165:0: OK   PaperIV.PaperTheorems.splitGraph_isChordal
      total 4739 | PaperIV 10 | PaperI 0 | Nibble 0 | MixedRounding 0 | EXTERNO 0
info: PaperIV/ConeAudit.lean:165:0: OK   PaperIV.PaperTheorems.exists_chordal_extremal_witness
      total 15036 | PaperIV 400 | PaperI 0 | Nibble 0 | MixedRounding 0 | EXTERNO 0
info: PaperIV/ConeAudit.lean:165:0: OK   PaperIV.PaperTheorems.erdos81_max_eq
      total 39979 | PaperIV 2744 | PaperI 41 | Nibble 496 | MixedRounding 52 | EXTERNO 0
info: PaperIV/ConeAudit.lean:165:0: OK   PaperIV.SplitCompleteExactValue.exists_optimal_cliquePartition
      total 13919 | PaperIV 299 | PaperI 0 | Nibble 0 | MixedRounding 0 | EXTERNO 0
info: PaperIV/ConeAudit.lean:165:0: OK   PaperIV.SplitCompleteExactValueAllParities.exists_optimal_cliquePartition_allParities
      total 14002 | PaperIV 364 | PaperI 0 | Nibble 0 | MixedRounding 0 | EXTERNO 0
info: PaperIV/ConeAudit.lean:165:0: OK   PaperIV.SplitCompleteSharpLower.cliquePartition_size_ge_baseline_unrestricted
      total 4879 | PaperIV 62 | PaperI 0 | Nibble 0 | MixedRounding 0 | EXTERNO 0
info: PaperIV/ConeAudit.lean:165:0: OK   PaperIV.SplitCompleteSharpValue.exists_sharp_cliquePartition_allParities
      total 14028 | PaperIV 382 | PaperI 0 | Nibble 0 | MixedRounding 0 | EXTERNO 0
info: PaperIV/ConeAudit.lean:165:0: OK   PaperIV.SplitCompleteSharpLower.critical_baseline_eq_targetSize
      total 11894 | PaperIV 7 | PaperI 0 | Nibble 0 | MixedRounding 0 | EXTERNO 0
info: PaperIV/ConeAudit.lean:165:0: OK   PaperIV.SplitCompleteRigidity.baseline_eq_targetSize_iff
      total 11674 | PaperIV 22 | PaperI 0 | Nibble 0 | MixedRounding 0 | EXTERNO 0
info: PaperIV/ConeAudit.lean:165:0: OK   PaperIV.SplitCompleteRigidity.optimal_cores
      total 11679 | PaperIV 27 | PaperI 0 | Nibble 0 | MixedRounding 0 | EXTERNO 0
info: PaperIV/ConeAudit.lean:165:0: OK   PaperIV.SplitCompleteDefect.size_add_choose_eq_mul_add_sum_defect
      total 4831 | PaperIV 63 | PaperI 0 | Nibble 0 | MixedRounding 0 | EXTERNO 0
info: PaperIV/ConeAudit.lean:165:0: OK   PaperIV.SplitMixedGap.mixed_gap_zero
      total 14588 | PaperIV 408 | PaperI 0 | Nibble 0 | MixedRounding 0 | EXTERNO 0
info: PaperIV/ConeAudit.lean:165:0: OK   PaperIV.SimplicialReduction.sharpBoundAt_of_largeCliqueRegime
      total 13810 | PaperIV 65 | PaperI 0 | Nibble 0 | MixedRounding 0 | EXTERNO 0
info: PaperIV/ConeAudit.lean:165:0: OK   PaperIV.SimplicialReductionRefined.not_strongLoosePieceHypothesis
      total 4987 | PaperIV 21 | PaperI 0 | Nibble 0 | MixedRounding 0 | EXTERNO 0
info: PaperIV/ConeAudit.lean:165:0: OK   PaperIV.SplitCompleteDefect.card_paying_pieces_le_excess
      total 5173 | PaperIV 65 | PaperI 0 | Nibble 0 | MixedRounding 0 | EXTERNO 0
info: PaperIV/ConeAudit.lean:165:0: OK   PaperIV.LinearCoefficient.linear_coefficient_optimal
      total 15073 | PaperIV 402 | PaperI 0 | Nibble 0 | MixedRounding 0 | EXTERNO 0
info: PaperIV/ConeAudit.lean:165:0: OK   PaperIV.SpreadAbsorptionCompatibility.exists_budgeted_compatible_spread_absorber
      total 12670 | PaperIV 85 | PaperI 0 | Nibble 0 | MixedRounding 0 | EXTERNO 0
info: PaperIV/ConeAudit.lean:165:0: OK   PaperIV.BalancedReserve.exists_balanced_reserve
      total 20014 | PaperIV 10 | PaperI 0 | Nibble 18 | MixedRounding 0 | EXTERNO 0
info: PaperIV/ConeAudit.lean:165:0: OK   PaperIV.SpreadAbsorption.exists_certificate
      total 5319 | PaperIV 3 | PaperI 0 | Nibble 0 | MixedRounding 0 | EXTERNO 0
info: PaperIV/ConeAudit.lean:165:0: OK   PaperIV.SpreadAbsorption.exists_lowConflict_certificate
      total 12404 | PaperIV 4 | PaperI 0 | Nibble 0 | MixedRounding 0 | EXTERNO 0
info: PaperIV/ConeAudit.lean:165:0: OK   PaperIV.SpreadAbsorption.physical_triangle_absorber
      total 4164 | PaperIV 54 | PaperI 0 | Nibble 0 | MixedRounding 0 | EXTERNO 0
info: PaperIV/ConeAudit.lean:165:0: OK   PaperIV.SpreadAbsorption.exists_budgeted_physical_triangle_absorber
      total 12653 | PaperIV 71 | PaperI 0 | Nibble 0 | MixedRounding 0 | EXTERNO 0
info: PaperIV/ConeAudit.lean:165:0: OK   PaperIV.SpreadLedgerAbsorption.total_ledgerBad_le_paid_mass
      total 13818 | PaperIV 12 | PaperI 0 | Nibble 0 | MixedRounding 0 | EXTERNO 0
info: PaperIV/ConeAudit.lean:165:0: OK   PaperIV.SpreadLedgerAbsorption.exists_spread_absorber_count_add_cost_le_baseline
      total 14885 | PaperIV 107 | PaperI 0 | Nibble 0 | MixedRounding 0 | EXTERNO 0
info: PaperIV/ConeAudit.lean:165:0: OK   PaperIV.SpreadAbsorptionCompatibility.exists_compatible_spread_absorber
      total 5791 | PaperIV 83 | PaperI 0 | Nibble 0 | MixedRounding 0 | EXTERNO 0
info: PaperIV/ConeAudit.lean:165:0: OK   PaperIV.SeparationAbsorptionRoute.erdos81_of_dualSeparation_absorption
      total 39684 | PaperIV 2598 | PaperI 41 | Nibble 496 | MixedRounding 52 | EXTERNO 0
info: PaperIV/ConeAudit.lean:165:0: OK   PaperIV.SplitEditIdentity.editDist_split_eq
      total 4802 | PaperIV 37 | PaperI 0 | Nibble 0 | MixedRounding 0 | EXTERNO 0
info: PaperIV/ConeAudit.lean:165:0: OK   PaperIV.FarSlackQuantitative.farRegime_cliquePartition_slack
      total 34257 | PaperIV 963 | PaperI 0 | Nibble 496 | MixedRounding 52 | EXTERNO 0
info: PaperIV/ConeAudit.lean:165:0: OK   PaperIV.IntegralStability.chordal_linear_stability
      total 39680 | PaperIV 2593 | PaperI 41 | Nibble 496 | MixedRounding 52 | EXTERNO 0
info: PaperIV/ConeAudit.lean:165:0: OK   PaperIV.ExtremalClassification.split_value
      total 14038 | PaperIV 391 | PaperI 0 | Nibble 0 | MixedRounding 0 | EXTERNO 0
info: PaperIV/ConeAudit.lean:165:0: OK   PaperIV.ExtremalClassification.chordal_extremal_classification
      total 39903 | PaperIV 2794 | PaperI 41 | Nibble 496 | MixedRounding 52 | EXTERNO 0
info: PaperIV/ConeAudit.lean:165:0: OK   PaperIV.NearThresholdSensitivity.eps_le_of_physical_budget
      total 11734 | PaperIV 1 | PaperI 0 | Nibble 0 | MixedRounding 0 | EXTERNO 0
info: PaperIV/ConeAudit.lean:165:0: OK   PaperIV.NearThresholdSensitivity.near_threshold_of_budget
      total 11925 | PaperIV 2 | PaperI 0 | Nibble 0 | MixedRounding 0 | EXTERNO 0
info: PaperIV/ConeAudit.lean:165:0: OK   PaperIV.NearThresholdSensitivity.edit_mass_of_budget
      total 11802 | PaperIV 1 | PaperI 0 | Nibble 0 | MixedRounding 0 | EXTERNO 0
info: PaperIV/ConeAudit.lean:165:0: OK   PaperIV.FourHostClosure.exists_fourHost_packing
      total 8813 | PaperIV 75 | PaperI 0 | Nibble 0 | MixedRounding 0 | EXTERNO 0
info: PaperIV/ConeAudit.lean:165:0: OK   PaperIV.ReserveIdentity.targetSize_eq_baseline_add_reserve
      total 11673 | PaperIV 12 | PaperI 0 | Nibble 0 | MixedRounding 0 | EXTERNO 0
info: PaperIV/ConeAudit.lean:165:0: OK   PaperIV.ReserveIdentity.baseline_eq_targetSize_iff_reserve
      total 11696 | PaperIV 17 | PaperI 0 | Nibble 0 | MixedRounding 0 | EXTERNO 0
info: PaperIV/ConeAudit.lean:165:0: OK   PaperIV.ReserveIdentity.residual_sq_le_iff
      total 11803 | PaperIV 3 | PaperI 0 | Nibble 0 | MixedRounding 0 | EXTERNO 0
info: PaperIV/ConeAudit.lean:165:0: OK   PaperIV.LossBudget.budget_iff
      total 4637 | PaperIV 23 | PaperI 0 | Nibble 0 | MixedRounding 0 | EXTERNO 0
info: PaperIV/ConeAudit.lean:165:0: OK   PaperIV.LossBudget.erdos81_cp_form
      total 39682 | PaperIV 2596 | PaperI 41 | Nibble 496 | MixedRounding 52 | EXTERNO 0
info: PaperIV/ConeAudit.lean:165:0: OK   PaperIV.LossBudget.erdos81_cp_form_all_orders
      total 39689 | PaperIV 2600 | PaperI 41 | Nibble 496 | MixedRounding 52 | EXTERNO 0
info: PaperIV/ConeAudit.lean:165:0: VEREDICTO: los 57 enunciados del paper no usan ninguna constante del espacio de nombres `Erdos81`.
⚠ [8448/8460] Replayed BoundedCliqueGap.QChordalTree
warning: BoundedCliqueGap/QChordalTree.lean:72:0: automatically included section variable(s) unused in theorem `BoundedCliqueGap.mem_gavSub`:
  [DecidableEq V]
consider restructuring your `variable` declarations so that the variables are not in scope or explicitly omit them:
  omit [DecidableEq V] in theorem ...

Note: This linter can be disabled with `set_option linter.unusedSectionVars false`
warning: BoundedCliqueGap/QChordalTree.lean:76:0: automatically included section variable(s) unused in theorem `BoundedCliqueGap.gavSub_rt_mem`:
  [DecidableEq V]
consider restructuring your `variable` declarations so that the variables are not in scope or explicitly omit them:
  omit [DecidableEq V] in theorem ...

Note: This linter can be disabled with `set_option linter.unusedSectionVars false`
warning: BoundedCliqueGap/QChordalTree.lean:84:0: automatically included section variable(s) unused in theorem `BoundedCliqueGap.gavPar_lt`:
  [DecidableEq V]
consider restructuring your `variable` declarations so that the variables are not in scope or explicitly omit them:
  omit [DecidableEq V] in theorem ...

Note: This linter can be disabled with `set_option linter.unusedSectionVars false`
warning: BoundedCliqueGap/QChordalTree.lean:90:0: automatically included section variable(s) unused in theorem `BoundedCliqueGap.le_gavPar`:
  [DecidableEq V]
consider restructuring your `variable` declarations so that the variables are not in scope or explicitly omit them:
  omit [DecidableEq V] in theorem ...

Note: This linter can be disabled with `set_option linter.unusedSectionVars false`
warning: BoundedCliqueGap/QChordalTree.lean:94:0: automatically included section variable(s) unused in theorem `BoundedCliqueGap.gavPar_attained`:
  [DecidableEq V]
consider restructuring your `variable` declarations so that the variables are not in scope or explicitly omit them:
  omit [DecidableEq V] in theorem ...

Note: This linter can be disabled with `set_option linter.unusedSectionVars false`
warning: BoundedCliqueGap/QChordalTree.lean:165:0: automatically included section variable(s) unused in theorem `BoundedCliqueGap.ord_gavEquiv_symm`:
  [DecidableEq V]
consider restructuring your `variable` declarations so that the variables are not in scope or explicitly omit them:
  omit [DecidableEq V] in theorem ...

Note: This linter can be disabled with `set_option linter.unusedSectionVars false`
⚠ [8457/8460] Replayed BoundedCliqueGap.Gap
warning: BoundedCliqueGap/Gap.lean:74:0: automatically included section variable(s) unused in theorem `BoundedCliqueGap.cliqueFree_of_cliqueTree_width`:
  [Fintype V]
  [DecidableEq V]
consider restructuring your `variable` declarations so that the variables are not in scope or explicitly omit them:
  omit [Fintype V] [DecidableEq V] in theorem ...

Note: This linter can be disabled with `set_option linter.unusedSectionVars false`
ℹ [8458/8460] Replayed BoundedCliqueGap.AxiomCheck
info: BoundedCliqueGap/AxiomCheck.lean:64:0: BoundedCliqueGap: 632 declarations audited; axioms ⊆ [propext, Classical.choice, Quot.sound]; no `Erdos81*` name; `Vizing.PEC` declared once, in [PaperIV.Vizing]
info: BoundedCliqueGap/AxiomCheck.lean:66:0: 'BoundedCliqueGap.chordal_gap_linear_cliqueFree' depends on axioms: [propext, Classical.choice, Quot.sound]
info: BoundedCliqueGap/AxiomCheck.lean:67:0: 'BoundedCliqueGap.chordal_gap_linear_of_cliqueTree_width' depends on axioms: [propext, Classical.choice, Quot.sound]
info: BoundedCliqueGap/AxiomCheck.lean:68:0: 'BoundedCliqueGap.exists_cliqueTree_width_le_iff_cliqueFree' depends on axioms: [propext, Classical.choice, Quot.sound]
info: BoundedCliqueGap/AxiomCheck.lean:69:0: 'BoundedCliqueGap.gap_linear_of_revPES' depends on axioms: [propext, Classical.choice, Quot.sound]
info: BoundedCliqueGap/AxiomCheck.lean:70:0: 'BoundedCliqueGap.exists_revPES_of_simpleGraph_isChordal' depends on axioms: [propext, Classical.choice, Quot.sound]
✔ [8459/8460] Built PaperIV (262s)
Build completed successfully (8460 jobs).
